filename	event_label	onset	offset
Y09RRavdW3C0_30.000_40.000.wav	Frying	0.000	10.020
Y09RRavdW3C0_30.000_40.000.wav	Speech	0.680	1.340
Y09RRavdW3C0_30.000_40.000.wav	Speech	3.340	4.020
Y09RRavdW3C0_30.000_40.000.wav	Speech	8.020	8.700
YIZ_zfkNcxRQ_61.000_71.000.wav	Blender	4.680	10.020
YIZ_zfkNcxRQ_61.000_71.000.wav	Speech	0.000	3.340
YI0qvH0g393w_20.000_30.000.wav	Alarm_bell_ringing	0.680	4.680
YI0qvH0g393w_20.000_30.000.wav	Alarm_bell_ringing	6.020	9.360
Y7AhpZQt1Ml0_120.000_130.000.wav	Dog	0.000	10.020
YHyq_Kc64Fgw_10.000_20.000.wav	Frying	0.000	10.020
YHyq_Kc64Fgw_10.000_20.000.wav	Speech	2.020	4.680
YHyq_Kc64Fgw_10.000_20.000.wav	Speech	7.360	10.020
YKS2aTlLJPo8_90.000_100.000.wav	Dog	0.000	10.020
YUGVQvxU4bS8_0.000_10.000.wav	Frying	1.340	10.020
YUGVQvxU4bS8_0.000_10.000.wav	Speech	4.020	5.360
Y17WW_p1N7BQ_30.000_40.000.wav	Cat	0.680	9.360
Y17WW_p1N7BQ_30.000_40.000.wav	Speech	0.000	0.680
Y17WW_p1N7BQ_30.000_40.000.wav	Speech	4.680	6.020
Y17WW_p1N7BQ_30.000_40.000.wav	Speech	6.680	7.360
Y17WW_p1N7BQ_30.000_40.000.wav	Speech	9.360	10.020
YLaaz6hgQ940_110.000_120.000.wav	Electric_shaver_toothbrush	0.000	1.340
YLaaz6hgQ940_110.000_120.000.wav	Electric_shaver_toothbrush	6.680	8.700
YLaaz6hgQ940_110.000_120.000.wav	Electric_shaver_toothbrush	9.360	10.020
YLaaz6hgQ940_110.000_120.000.wav	Speech	0.680	3.340
YLaaz6hgQ940_110.000_120.000.wav	Speech	5.360	8.020
YB_1nw6kapnw_40.000_50.000.wav	Speech	0.000	1.340
YB_1nw6kapnw_40.000_50.000.wav	Speech	6.680	7.360
YGaN-YxlcIA4_30.000_40.000.wav	Alarm_bell_ringing	0.000	10.020
Y-gAzofSmRiY_21.000_31.000.wav	Dog	3.300	3.960
Y-gAzofSmRiY_21.000_31.000.wav	Dog	6.580	9.860
Y-gAzofSmRiY_21.000_31.000.wav	Speech	5.920	7.240
Y-q56v8eoD2I_30.000_40.000.wav	Alarm_bell_ringing	0.000	4.020
Y-q56v8eoD2I_30.000_40.000.wav	Alarm_bell_ringing	6.020	6.680
Y-q56v8eoD2I_30.000_40.000.wav	Speech	4.020	4.680
Y-q56v8eoD2I_30.000_40.000.wav	Speech	5.360	8.020
Y-q56v8eoD2I_30.000_40.000.wav	Speech	8.700	10.020
Y-0yRK50zyTI_30.000_40.000.wav	Dishes	5.360	10.020
Y-0yRK50zyTI_30.000_40.000.wav	Frying	0.680	6.020
Y-0yRK50zyTI_30.000_40.000.wav	Frying	8.020	8.700
Y-0yRK50zyTI_30.000_40.000.wav	Speech	0.000	1.340
Y-0yRK50zyTI_30.000_40.000.wav	Speech	3.340	4.680
Y-0yRK50zyTI_30.000_40.000.wav	Speech	9.360	10.020
Yk4k-ULQJzAI_30.000_40.000.wav	Running_water	3.340	10.020
Yk4k-ULQJzAI_30.000_40.000.wav	Speech	2.680	3.340
Y75bMAERnvng_26.000_36.000.wav	Blender	5.860	7.160
Y75bMAERnvng_26.000_36.000.wav	Dog	7.800	9.100
Y75bMAERnvng_26.000_36.000.wav	Speech	1.300	2.600
Y75bMAERnvng_26.000_36.000.wav	Speech	3.900	4.560
Y-xfgovG6-KU_30.000_40.000.wav	Speech	0.000	0.680
Y-xfgovG6-KU_30.000_40.000.wav	Speech	1.340	2.680
Y-xfgovG6-KU_30.000_40.000.wav	Speech	4.680	5.360
Y-xfgovG6-KU_30.000_40.000.wav	Speech	6.020	10.020
Y6GjsjhAbXRo_20.000_30.000.wav	Dog	0.000	10.020
YINZwiQGobsQ_580.000_590.000.wav	Speech	0.000	2.680
YsIEknQwEs8k_150.000_160.000.wav	Dishes	8.020	10.020
YsIEknQwEs8k_150.000_160.000.wav	Frying	2.020	2.680
YsIEknQwEs8k_150.000_160.000.wav	Frying	4.020	8.700
YsIEknQwEs8k_150.000_160.000.wav	Speech	0.680	4.680
YsIEknQwEs8k_150.000_160.000.wav	Speech	8.020	10.020
Yts8miLXKrIw_30.000_40.000.wav	Vacuum_cleaner	6.680	7.360
Y-gSfPQqi6nI_30.000_40.000.wav	Cat	0.000	10.020
YAW3s9S3xEQ0_0.000_10.000.wav	Dog	0.000	10.020
Y7NyLkxUSPCQ_6.000_16.000.wav	Cat	3.240	7.120
Y7NyLkxUSPCQ_6.000_16.000.wav	Speech	0.000	0.660
Y7NyLkxUSPCQ_6.000_16.000.wav	Speech	1.940	3.240
YXik6KV1fiMg_210.000_220.000.wav	Electric_shaver_toothbrush	0.000	10.020
YXik6KV1fiMg_210.000_220.000.wav	Speech	9.360	10.020
YdbunjNOhz2w_210.000_220.000.wav	Dishes	6.020	10.020
YMYxhRD4RVmQ_10.000_20.000.wav	Vacuum_cleaner	1.340	3.340
Yx08TBhoCjQg_260.000_270.000.wav	Blender	0.680	3.340
Yx08TBhoCjQg_260.000_270.000.wav	Speech	0.000	0.680
Yx08TBhoCjQg_260.000_270.000.wav	Speech	3.340	10.020
Y055kC3FYxK0_11.000_21.000.wav	Blender	3.900	5.840
Y055kC3FYxK0_11.000_21.000.wav	Speech	0.000	1.960
Y055kC3FYxK0_11.000_21.000.wav	Speech	6.500	7.800
Y91LB9ssE__k_110.000_120.000.wav	Alarm_bell_ringing	2.020	10.020
Ym5I_M9d80Wg_30.000_40.000.wav	Cat	0.000	10.020
YMOEE9uo6MCk_20.000_30.000.wav	Running_water	0.000	1.340
YMOEE9uo6MCk_20.000_30.000.wav	Speech	2.680	6.020
YMOEE9uo6MCk_20.000_30.000.wav	Speech	7.360	8.700
YPiVcdJd0uAo_25.000_35.000.wav	Alarm_bell_ringing	0.660	1.960
YPiVcdJd0uAo_25.000_35.000.wav	Alarm_bell_ringing	6.500	7.160
YPiVcdJd0uAo_25.000_35.000.wav	Speech	1.960	3.260
YPiVcdJd0uAo_25.000_35.000.wav	Speech	4.560	6.500
Y-mpapCZXors_330.000_340.000.wav	Dishes	2.680	10.020
Y-mpapCZXors_330.000_340.000.wav	Frying	0.680	4.020
Y-mpapCZXors_330.000_340.000.wav	Frying	4.680	7.360
Y-mpapCZXors_330.000_340.000.wav	Speech	2.680	4.020
Yk2GF-95Rn-U_210.000_220.000.wav	Electric_shaver_toothbrush	0.000	10.020
Yk2GF-95Rn-U_210.000_220.000.wav	Speech	0.000	2.020
Yk2GF-95Rn-U_210.000_220.000.wav	Speech	3.340	6.680
Yk2GF-95Rn-U_210.000_220.000.wav	Speech	7.360	9.360
Y2ZZEtUCIkUw_30.000_40.000.wav	Dog	1.340	2.020
Y2ZZEtUCIkUw_30.000_40.000.wav	Dog	2.680	10.020
YOjx9kmtLxU4_40.000_50.000.wav	Dog	5.360	10.020
YPrAm5YVvXx8_10.000_20.000.wav	Dog	0.000	10.020
YbUZQeCVNzKc_140.000_150.000.wav	Cat	0.000	7.360
YbUZQeCVNzKc_140.000_150.000.wav	Cat	8.020	8.700
YbUZQeCVNzKc_140.000_150.000.wav	Speech	8.020	10.020
Y8JgqLELdUkY_30.000_40.000.wav	Cat	0.000	10.020
YTf_mav3pAoc_30.000_40.000.wav	Dishes	2.680	10.020
YTf_mav3pAoc_30.000_40.000.wav	Speech	0.680	2.020
YTf_mav3pAoc_30.000_40.000.wav	Speech	3.340	6.680
YTf_mav3pAoc_30.000_40.000.wav	Speech	8.700	10.020
YkjGjMDpTzvs_320.000_330.000.wav	Dishes	5.360	10.020
YkjGjMDpTzvs_320.000_330.000.wav	Frying	6.020	10.020
YkjGjMDpTzvs_320.000_330.000.wav	Speech	0.000	4.680
YkjGjMDpTzvs_320.000_330.000.wav	Speech	8.700	10.020
YskSyu-Q5nZI_0.000_10.000.wav	Cat	1.340	9.360
Y08pYl8L1y-g_50.000_60.000.wav	Speech	0.000	8.700
Y-uGHAvfqs2I_30.000_40.000.wav	Cat	0.000	9.360
YjGlA7jMqfl0_20.000_30.000.wav	Running_water	4.100	8.200
YlUIqPVoadK0_90.000_100.000.wav	Dishes	5.360	10.020
YlUIqPVoadK0_90.000_100.000.wav	Speech	0.000	3.340
YlUIqPVoadK0_90.000_100.000.wav	Speech	4.020	5.360
YlUIqPVoadK0_90.000_100.000.wav	Speech	6.020	8.700
YlUIqPVoadK0_90.000_100.000.wav	Speech	9.360	10.020
Y0MEPG8c0jqk_490.000_500.000.wav	Dishes	6.680	10.020
Y0MEPG8c0jqk_490.000_500.000.wav	Speech	2.020	2.680
YbVvJzXMLaS8_0.000_10.000.wav	Alarm_bell_ringing	2.020	10.020
Y31c2kosdtuo_20.000_30.000.wav	Alarm_bell_ringing	0.000	10.020
YDXdU9PpDo44_280.000_290.000.wav	Running_water	0.680	5.360
YDXdU9PpDo44_280.000_290.000.wav	Speech	6.680	10.020
Y4IvFk-bZ0-M_20.000_30.000.wav	Blender	0.680	2.680
Y4IvFk-bZ0-M_20.000_30.000.wav	Blender	4.680	5.360
Y4IvFk-bZ0-M_20.000_30.000.wav	Dog	8.020	10.020
Y4IvFk-bZ0-M_20.000_30.000.wav	Speech	4.020	4.680
Y4IvFk-bZ0-M_20.000_30.000.wav	Speech	6.020	8.020
YXZhLMTOmM9w_30.000_40.000.wav	Cat	0.000	10.020
YxqaMpirSNfI_0.000_10.000.wav	Running_water	1.340	2.020
YxqaMpirSNfI_0.000_10.000.wav	Running_water	6.020	8.020
YxqaMpirSNfI_0.000_10.000.wav	Running_water	8.700	9.360
YKNFHL6rv_M4_50.000_60.000.wav	Blender	6.020	8.700
YKNFHL6rv_M4_50.000_60.000.wav	Speech	0.000	2.020
YMkqLRewM5jM_221.000_231.000.wav	Dishes	8.700	10.020
YMkqLRewM5jM_221.000_231.000.wav	Frying	4.680	10.020
YMkqLRewM5jM_221.000_231.000.wav	Speech	0.000	10.020
Yv8Kry1CbTkM_310.000_320.000.wav	Dishes	0.680	10.020
Yv8Kry1CbTkM_310.000_320.000.wav	Speech	4.020	6.680
Y1YRhxCXCM0o_16.000_26.000.wav	Running_water	0.000	0.660
Y1YRhxCXCM0o_16.000_26.000.wav	Running_water	1.300	7.700
Y-PyXfNxnHKs_110.000_120.000.wav	Dishes	6.020	10.020
Y-PyXfNxnHKs_110.000_120.000.wav	Frying	4.680	10.020
Y-PyXfNxnHKs_110.000_120.000.wav	Speech	0.000	7.360
Y-PyXfNxnHKs_110.000_120.000.wav	Speech	8.020	10.020
Y-1pPw9zZopA_190.000_200.000.wav	Cat	4.680	6.020
Y-1pPw9zZopA_190.000_200.000.wav	Speech	0.000	2.680
Y-1pPw9zZopA_190.000_200.000.wav	Speech	3.340	4.680
Y-1pPw9zZopA_190.000_200.000.wav	Speech	6.020	6.680
Y-1pPw9zZopA_190.000_200.000.wav	Speech	9.360	10.020
YcibHJCU4WW4_90.000_100.000.wav	Speech	0.000	0.680
YcibHJCU4WW4_90.000_100.000.wav	Speech	3.340	4.020
YcibHJCU4WW4_90.000_100.000.wav	Vacuum_cleaner	6.680	9.360
Y1D4LxbOVn1I_30.000_40.000.wav	Dog	0.000	10.020
Y1D4LxbOVn1I_30.000_40.000.wav	Speech	2.680	3.340
Yg_fXHq1Csc4_0.000_10.000.wav	Alarm_bell_ringing	2.020	10.020
Y2vzUFWykARU_20.000_30.000.wav	Running_water	1.340	2.020
Y2vzUFWykARU_20.000_30.000.wav	Running_water	2.680	8.020
YfVTjznfUoT8_21.000_31.000.wav	Alarm_bell_ringing	0.000	5.160
Y-D--GWwca0g_130.000_140.000.wav	Dog	2.020	2.680
Y-D--GWwca0g_130.000_140.000.wav	Dog	4.680	9.360
Y-D--GWwca0g_130.000_140.000.wav	Speech	0.680	1.340
Y-D--GWwca0g_130.000_140.000.wav	Speech	4.020	4.680
Y-NrseuJrJ6k_30.000_40.000.wav	Running_water	8.020	10.020
Y-NrseuJrJ6k_30.000_40.000.wav	Speech	0.000	1.340
Y-NrseuJrJ6k_30.000_40.000.wav	Speech	6.680	8.020
Y-t-htrAtNvM_30.000_40.000.wav	Vacuum_cleaner	2.020	3.340
Y-rrK6gbh3so_0.000_10.000.wav	Frying	0.000	10.020
Y-rrK6gbh3so_0.000_10.000.wav	Speech	2.020	10.020
YWGYzVpMeSEg_210.000_220.000.wav	Blender	0.000	9.360
Yjw7wqfei3Fw_20.000_30.000.wav	Speech	0.000	0.680
YU5udL6UCigk_100.000_110.000.wav	Frying	3.340	10.020
YU5udL6UCigk_100.000_110.000.wav	Speech	0.680	5.360
Y-0nqfRcnAYE_370.000_380.000.wav	Dishes	4.020	5.360
Y-0nqfRcnAYE_370.000_380.000.wav	Dishes	6.680	10.020
Y-0nqfRcnAYE_370.000_380.000.wav	Speech	0.000	2.020
Y-0nqfRcnAYE_370.000_380.000.wav	Speech	2.680	4.020
Y-0nqfRcnAYE_370.000_380.000.wav	Speech	4.680	10.020
Y2I0ns0crmrA_6.000_16.000.wav	Cat	0.000	9.720
YFWIGDgq_nnM_30.000_40.000.wav	Dishes	5.360	9.360
YFWIGDgq_nnM_30.000_40.000.wav	Frying	1.340	2.020
YFWIGDgq_nnM_30.000_40.000.wav	Frying	2.680	10.020
YFWIGDgq_nnM_30.000_40.000.wav	Speech	0.680	2.020
YFWIGDgq_nnM_30.000_40.000.wav	Speech	2.680	4.680
YFWIGDgq_nnM_30.000_40.000.wav	Speech	7.360	10.020
YemAtRpVf2_A_270.000_280.000.wav	Vacuum_cleaner	0.000	10.020
Y8mT-l6lcBsk_260.000_270.000.wav	Running_water	0.680	1.340
Y8mT-l6lcBsk_260.000_270.000.wav	Speech	1.340	7.360
Y8mT-l6lcBsk_260.000_270.000.wav	Speech	9.360	10.020
YpqQCdtURruc_0.000_8.000.wav	Alarm_bell_ringing	0.000	7.360
YwHoSjefsmsE_340.000_350.000.wav	Electric_shaver_toothbrush	0.000	10.020
YwHoSjefsmsE_340.000_350.000.wav	Speech	1.340	3.340
YA7pW5W-4snM_150.000_160.000.wav	Vacuum_cleaner	0.000	10.020
YnN8fv4eZ7FM_350.000_360.000.wav	Electric_shaver_toothbrush	0.000	8.700
YnN8fv4eZ7FM_350.000_360.000.wav	Speech	2.680	4.020
YnN8fv4eZ7FM_350.000_360.000.wav	Speech	5.360	6.680
YnN8fv4eZ7FM_350.000_360.000.wav	Speech	8.700	10.020
YqqCm76Jtktc_150.000_160.000.wav	Dog	0.000	2.020
YqqCm76Jtktc_150.000_160.000.wav	Dog	2.680	10.020
YqqCm76Jtktc_150.000_160.000.wav	Speech	1.340	3.340
YqqCm76Jtktc_150.000_160.000.wav	Speech	4.020	4.680
YBFEeNJkKx6g_30.000_40.000.wav	Dog	0.000	10.020
YYlLqWCeiVPw_30.000_40.000.wav	Cat	0.000	10.020
YVWwk76SEAno_0.000_9.000.wav	Alarm_bell_ringing	4.700	8.700
Y0bO6DhC2tlU_110.000_120.000.wav	Running_water	9.360	10.020
Y0bO6DhC2tlU_110.000_120.000.wav	Speech	7.360	8.700
YF5Y7BniaRXg_30.000_40.000.wav	Speech	6.680	10.020
Y0AkRWunFZPk_190.000_200.000.wav	Dishes	6.680	10.020
Y0AkRWunFZPk_190.000_200.000.wav	Speech	0.680	4.020
Y0AkRWunFZPk_190.000_200.000.wav	Speech	5.360	6.020
YpVgoBDzwHig_3.000_13.000.wav	Alarm_bell_ringing	0.000	7.320
YPEw6mGXUzs4_130.000_140.000.wav	Frying	0.000	10.020
YPEw6mGXUzs4_130.000_140.000.wav	Speech	0.000	1.340
YPEw6mGXUzs4_130.000_140.000.wav	Speech	2.020	7.360
YPEw6mGXUzs4_130.000_140.000.wav	Speech	8.020	9.360
Y_iL8G7GTNo0_580.000_590.000.wav	Running_water	4.680	7.360
Y_iL8G7GTNo0_580.000_590.000.wav	Speech	7.360	10.020
Y4ByUnyBjmSs_80.000_90.000.wav	Blender	2.020	2.680
Y4ByUnyBjmSs_80.000_90.000.wav	Speech	0.000	2.020
Y4ByUnyBjmSs_80.000_90.000.wav	Speech	2.680	10.020
YhGMrZZaTRSE_450.000_460.000.wav	Speech	0.000	4.020
YhGMrZZaTRSE_450.000_460.000.wav	Vacuum_cleaner	5.360	10.020
Yfr043wF1zhA_30.000_40.000.wav	Running_water	9.360	10.020
Yfr043wF1zhA_30.000_40.000.wav	Speech	0.000	8.020
Y0EyIdGgbPEo_30.000_40.000.wav	Running_water	8.020	10.020
YMqhi83-ntG4_340.000_350.000.wav	Dishes	8.700	9.360
YMqhi83-ntG4_340.000_350.000.wav	Speech	2.680	6.680
YMqhi83-ntG4_340.000_350.000.wav	Speech	8.700	10.020
Yw4-k89IIsLw_160.000_170.000.wav	Dishes	1.340	7.360
Yw4-k89IIsLw_160.000_170.000.wav	Dishes	8.020	10.020
Yw4-k89IIsLw_160.000_170.000.wav	Frying	1.340	9.360
Yw4-k89IIsLw_160.000_170.000.wav	Speech	0.000	10.020
Y24Y8aIUFepo_30.000_40.000.wav	Alarm_bell_ringing	0.000	6.020
Y24Y8aIUFepo_30.000_40.000.wav	Alarm_bell_ringing	8.700	10.020
Y24Y8aIUFepo_30.000_40.000.wav	Speech	6.020	8.700
Yh76OxJ8x-6w_30.000_40.000.wav	Frying	9.360	10.020
Yh76OxJ8x-6w_30.000_40.000.wav	Speech	0.000	10.020
YQH942mm-ffs_0.000_10.000.wav	Running_water	0.000	5.360
Y-0p7hKXZ1ww_30.000_40.000.wav	Blender	5.360	6.020
Y-0p7hKXZ1ww_30.000_40.000.wav	Speech	0.000	0.680
Y-0p7hKXZ1ww_30.000_40.000.wav	Speech	4.020	4.680
Y-0p7hKXZ1ww_30.000_40.000.wav	Speech	6.680	8.700
YQieNoTUa8X8_90.000_100.000.wav	Dishes	1.340	4.020
YQieNoTUa8X8_90.000_100.000.wav	Dishes	5.360	10.020
YQieNoTUa8X8_90.000_100.000.wav	Speech	3.340	5.360
YQieNoTUa8X8_90.000_100.000.wav	Speech	6.680	8.020
YQieNoTUa8X8_90.000_100.000.wav	Speech	8.700	10.020
YKkPrgFi9X6U_20.000_30.000.wav	Dishes	0.680	10.020
YDieCnMS0G8k_80.000_90.000.wav	Blender	0.000	10.020
YHSPBrLMYWQA_30.000_40.000.wav	Cat	0.000	10.020
YEbI0_rtgvXw_80.000_90.000.wav	Alarm_bell_ringing	8.020	10.020
YEbI0_rtgvXw_80.000_90.000.wav	Speech	0.680	2.020
YEbI0_rtgvXw_80.000_90.000.wav	Speech	5.360	8.020
Y-8pCMgGKZY8_12.000_22.000.wav	Cat	0.000	9.000
YcJv6x6TN1bw_480.000_490.000.wav	Dishes	7.360	10.020
YcJv6x6TN1bw_480.000_490.000.wav	Frying	0.000	10.020
YcJv6x6TN1bw_480.000_490.000.wav	Speech	0.000	0.680
YcJv6x6TN1bw_480.000_490.000.wav	Speech	2.020	10.020
YDaaY_n80b2Y_5.000_15.000.wav	Dishes	5.800	9.020
YDaaY_n80b2Y_5.000_15.000.wav	Speech	0.000	0.660
YDaaY_n80b2Y_5.000_15.000.wav	Speech	1.940	4.520
Y6SXBknR8MH4_0.000_10.000.wav	Running_water	4.680	7.360
Y-sPPlSb2CCo_30.000_40.000.wav	Electric_shaver_toothbrush	0.000	10.020
Y-sPPlSb2CCo_30.000_40.000.wav	Speech	2.020	3.340
Y-sPPlSb2CCo_30.000_40.000.wav	Speech	4.680	6.020
Y6dgTnGDYiZc_9.000_19.000.wav	Cat	0.000	2.020
Y6dgTnGDYiZc_9.000_19.000.wav	Cat	2.680	3.340
Y6dgTnGDYiZc_9.000_19.000.wav	Speech	2.020	2.680
Y6dgTnGDYiZc_9.000_19.000.wav	Speech	6.020	7.360
Y6dgTnGDYiZc_9.000_19.000.wav	Speech	9.360	10.020
YzF_6B6QIYdA_20.000_30.000.wav	Electric_shaver_toothbrush	0.000	10.020
YzF_6B6QIYdA_20.000_30.000.wav	Speech	0.000	1.340
YzF_6B6QIYdA_20.000_30.000.wav	Speech	6.020	10.020
YzVup1EYXcxA_10.000_20.000.wav	Dishes	7.360	8.020
YzVup1EYXcxA_10.000_20.000.wav	Dishes	9.360	10.020
YGr-aT8sYNN8_30.000_40.000.wav	Vacuum_cleaner	0.000	10.020
Y-1nilez17Dg_30.000_40.000.wav	Speech	2.680	10.020
YBvQz8thsH1A_230.000_240.000.wav	Running_water	2.020	7.360
YBvQz8thsH1A_230.000_240.000.wav	Speech	9.360	10.020
YXecb_5XO81Q_10.000_20.000.wav	Dog	0.000	10.020
YU8kJ9DFX6S0_140.000_150.000.wav	Running_water	0.000	2.680
YU8kJ9DFX6S0_140.000_150.000.wav	Speech	8.700	10.020
Y2QKJuc_Hscc_50.000_60.000.wav	Cat	1.340	9.360
YYqU9Dg5G6QA_6.000_16.000.wav	Alarm_bell_ringing	0.000	7.460
YG7JFyw4L_7A_70.000_80.000.wav	Cat	0.000	8.020
YG7JFyw4L_7A_70.000_80.000.wav	Running_water	7.360	8.700
YYdTpp_Z_8Fo_52.000_62.000.wav	Frying	0.000	2.680
YYdTpp_Z_8Fo_52.000_62.000.wav	Frying	5.360	10.020
YYdTpp_Z_8Fo_52.000_62.000.wav	Speech	8.700	10.020
YazOX0YeNl3Q_70.000_80.000.wav	Frying	3.340	4.680
YazOX0YeNl3Q_70.000_80.000.wav	Frying	5.360	6.020
YazOX0YeNl3Q_70.000_80.000.wav	Running_water	8.700	9.360
YazOX0YeNl3Q_70.000_80.000.wav	Speech	0.680	3.340
YazOX0YeNl3Q_70.000_80.000.wav	Speech	4.020	5.360
Y_AfYlb7oEsg_330.000_340.000.wav	Running_water	2.680	3.340
Y_AfYlb7oEsg_330.000_340.000.wav	Speech	0.000	1.340
Y_AfYlb7oEsg_330.000_340.000.wav	Speech	4.680	7.360
Y_AfYlb7oEsg_330.000_340.000.wav	Speech	9.360	10.020
Y-9byM5-ih2M_0.000_10.000.wav	Cat	0.000	8.600
Y-9byM5-ih2M_0.000_10.000.wav	Speech	7.940	9.260
YRe2zKQIZXE4_550.000_560.000.wav	Dishes	2.020	2.680
YRe2zKQIZXE4_550.000_560.000.wav	Dishes	6.680	10.020
YRe2zKQIZXE4_550.000_560.000.wav	Frying	8.020	10.020
YRe2zKQIZXE4_550.000_560.000.wav	Speech	0.000	1.340
YRe2zKQIZXE4_550.000_560.000.wav	Speech	2.680	9.360
YUnwjHckSTDo_30.000_40.000.wav	Alarm_bell_ringing	4.680	5.360
YUnwjHckSTDo_30.000_40.000.wav	Speech	0.000	4.680
YUnwjHckSTDo_30.000_40.000.wav	Speech	6.020	10.020
YVm4c-BPmR1c_60.000_70.000.wav	Running_water	0.000	10.020
YI5yMAPfZsBQ_360.000_370.000.wav	Blender	0.000	3.340
YI5yMAPfZsBQ_360.000_370.000.wav	Blender	8.020	8.700
YI5yMAPfZsBQ_360.000_370.000.wav	Speech	3.340	6.020
YI5yMAPfZsBQ_360.000_370.000.wav	Speech	6.680	7.360
YI5yMAPfZsBQ_360.000_370.000.wav	Speech	8.700	10.020
YjEGElZwMzYM_0.000_10.000.wav	Running_water	3.340	10.020
YeyanSta5aPI_30.000_40.000.wav	Alarm_bell_ringing	3.340	10.020
YeyanSta5aPI_30.000_40.000.wav	Speech	0.000	2.680
Y__p-iA312kg_70.000_80.000.wav	Dog	0.000	10.020
Y86p6UVFIcFI_30.000_40.000.wav	Cat	0.000	10.020
YRQT5ssY1B68_30.000_40.000.wav	Alarm_bell_ringing	0.000	8.700
Yg6qq3GHA9t0_150.000_160.000.wav	Dishes	8.700	10.020
Yg6qq3GHA9t0_150.000_160.000.wav	Frying	0.000	10.020
Yg6qq3GHA9t0_150.000_160.000.wav	Speech	0.000	2.680
Yg6qq3GHA9t0_150.000_160.000.wav	Speech	3.340	4.680
Yg6qq3GHA9t0_150.000_160.000.wav	Speech	5.360	10.020
Y0Wkk9iNzA9c_30.000_40.000.wav	Dog	2.620	8.480
Y0Wkk9iNzA9c_30.000_40.000.wav	Dishes	8.480	9.780
YL3SIlxdLGxI_340.000_350.000.wav	Frying	0.680	2.020
YL3SIlxdLGxI_340.000_350.000.wav	Frying	4.680	6.680
YL3SIlxdLGxI_340.000_350.000.wav	Speech	0.000	0.680
YL3SIlxdLGxI_340.000_350.000.wav	Speech	3.340	4.680
YL3SIlxdLGxI_340.000_350.000.wav	Speech	5.360	6.680
YL3SIlxdLGxI_340.000_350.000.wav	Speech	7.360	9.360
YOAEeDczKnCA_200.000_210.000.wav	Vacuum_cleaner	0.000	10.020
YzcfvCrX-Lts_130.000_140.000.wav	Running_water	7.360	8.700
YzcfvCrX-Lts_130.000_140.000.wav	Speech	2.020	6.680
Y-IKnJa9U66I_150.000_160.000.wav	Running_water	0.000	2.020
Y-IKnJa9U66I_150.000_160.000.wav	Running_water	3.340	4.680
YPUwNDssbDXw_0.000_10.000.wav	Running_water	2.020	10.020
YE81-l2bwh40_190.000_200.000.wav	Running_water	0.000	8.020
Y_Uf47SnKl5Q_30.000_40.000.wav	Alarm_bell_ringing	0.680	3.340
YBJimHxqGfig_50.000_60.000.wav	Blender	8.020	10.020
YBJimHxqGfig_50.000_60.000.wav	Vacuum_cleaner	6.020	6.680
YsnR9TvRupjU_0.000_10.000.wav	Blender	5.360	6.680
YsnR9TvRupjU_0.000_10.000.wav	Blender	8.700	9.360
YsnR9TvRupjU_0.000_10.000.wav	Speech	0.680	4.680
YWFJ96PH4rvo_20.000_30.000.wav	Dog	0.000	10.020
Y3NRu3vNRFxU_0.000_10.000.wav	Running_water	0.680	2.020
Y3NRu3vNRFxU_0.000_10.000.wav	Running_water	4.680	8.700
Y3NRu3vNRFxU_0.000_10.000.wav	Speech	3.340	4.680
YpAG3mZgGxfk_230.000_240.000.wav	Blender	2.680	4.680
YpAG3mZgGxfk_230.000_240.000.wav	Speech	0.000	2.680
YpAG3mZgGxfk_230.000_240.000.wav	Speech	3.340	10.020
YIBGfcPIw-KY_0.000_10.000.wav	Dog	0.000	10.020
YBDCa5Q1hGug_0.000_10.000.wav	Dog	0.000	10.020
Y18HRNQyo9mg_25.000_35.000.wav	Cat	0.000	5.960
Y18HRNQyo9mg_25.000_35.000.wav	Cat	8.600	9.260
Y18HRNQyo9mg_25.000_35.000.wav	Speech	5.300	8.600
Ysgkwq9a7mgU_0.000_10.000.wav	Running_water	0.680	6.020
Ysgkwq9a7mgU_0.000_10.000.wav	Speech	6.020	8.020
Ysgkwq9a7mgU_0.000_10.000.wav	Speech	9.360	10.020
Y7MXamVgKszI_30.000_40.000.wav	Cat	0.000	6.680
YB5u3PG7PWDE_30.000_40.000.wav	Vacuum_cleaner	0.000	1.340
YB5u3PG7PWDE_30.000_40.000.wav	Vacuum_cleaner	3.340	8.020
YB5u3PG7PWDE_30.000_40.000.wav	Vacuum_cleaner	8.700	10.020
YrlifD4ysMrM_60.000_70.000.wav	Blender	0.000	1.340
YrlifD4ysMrM_60.000_70.000.wav	Speech	0.680	4.020
YrlifD4ysMrM_60.000_70.000.wav	Speech	4.680	10.020
YBAcOXGA5Na8_30.000_40.000.wav	Electric_shaver_toothbrush	0.000	10.020
YBAcOXGA5Na8_30.000_40.000.wav	Speech	0.680	2.020
YBAcOXGA5Na8_30.000_40.000.wav	Speech	9.360	10.020
Y-A3zsFeU_OI_30.000_40.000.wav	Dog	1.340	4.020
Y-A3zsFeU_OI_30.000_40.000.wav	Speech	0.000	0.680
YBiNbPvdPthY_30.000_40.000.wav	Dog	0.000	10.020
YAm5GHLnpl44_30.000_40.000.wav	Dishes	8.700	10.020
YAm5GHLnpl44_30.000_40.000.wav	Frying	8.700	10.020
YAm5GHLnpl44_30.000_40.000.wav	Speech	0.680	4.020
YAm5GHLnpl44_30.000_40.000.wav	Speech	4.680	10.020
YaHKqFDRglTM_10.000_20.000.wav	Alarm_bell_ringing	0.680	8.700
YcYS85XxZMuE_120.000_130.000.wav	Frying	6.020	10.020
YcYS85XxZMuE_120.000_130.000.wav	Speech	0.000	8.020
YcYS85XxZMuE_120.000_130.000.wav	Speech	8.700	10.020
YUC3J31Brgnw_22.000_32.000.wav	Speech	0.700	1.380
YUC3J31Brgnw_22.000_32.000.wav	Speech	5.460	6.820
YVqxBVNBNaLc_160.000_170.000.wav	Blender	0.680	10.020
YVqxBVNBNaLc_160.000_170.000.wav	Speech	0.000	1.340
Y2tBRn4xKmzM_30.000_40.000.wav	Dishes	3.340	4.020
Y2tBRn4xKmzM_30.000_40.000.wav	Frying	0.000	4.020
Y2tBRn4xKmzM_30.000_40.000.wav	Speech	4.020	10.020
Y6BaCu_ezK4k_300.000_310.000.wav	Dishes	8.700	9.360
Y6BaCu_ezK4k_300.000_310.000.wav	Frying	0.000	10.020
Y6BaCu_ezK4k_300.000_310.000.wav	Speech	0.680	10.020
Yf2lVkHEwEgs_150.000_160.000.wav	Dishes	6.680	10.020
Yf2lVkHEwEgs_150.000_160.000.wav	Speech	0.000	2.020
Yf2lVkHEwEgs_150.000_160.000.wav	Speech	2.680	6.020
Yf2lVkHEwEgs_150.000_160.000.wav	Speech	6.680	10.020
Y2Ssh4YWMroo_30.000_40.000.wav	Running_water	1.340	2.680
Y2Ssh4YWMroo_30.000_40.000.wav	Speech	3.340	5.360
YKRdvyjpQfoI_0.000_10.000.wav	Dog	0.000	10.020
Y8RK1x263Ou0_100.000_110.000.wav	Blender	2.680	8.700
Y8RK1x263Ou0_100.000_110.000.wav	Speech	0.000	2.680
YH3BWUt31xhM_20.000_30.000.wav	Frying	0.000	10.020
YWcPOGKf6RE8_110.000_120.000.wav	Dog	0.000	10.020
YuA3bpAQV_hE_0.000_8.000.wav	Alarm_bell_ringing	2.100	6.960
YmH0qxsxLypw_80.000_90.000.wav	Cat	0.000	10.020
Y-adm_P3xa0s_10.000_20.000.wav	Speech	6.020	6.680
YMC_xbXx2xT4_10.000_20.000.wav	Dog	0.000	5.360
YMC_xbXx2xT4_10.000_20.000.wav	Speech	5.360	10.020
Y20qZLse0acs_30.000_40.000.wav	Dog	0.000	10.020
YZtCwrMvS6Eg_20.000_30.000.wav	Dishes	8.020	8.700
YZtCwrMvS6Eg_20.000_30.000.wav	Dishes	9.360	10.020
YZtCwrMvS6Eg_20.000_30.000.wav	Frying	8.700	10.020
YZtCwrMvS6Eg_20.000_30.000.wav	Speech	0.000	2.020
YZtCwrMvS6Eg_20.000_30.000.wav	Speech	3.340	4.020
YZtCwrMvS6Eg_20.000_30.000.wav	Speech	4.680	6.020
YZtCwrMvS6Eg_20.000_30.000.wav	Speech	6.680	10.020
Y-qpgeVTesdE_470.000_480.000.wav	Speech	0.000	1.340
Y1GMWn4IxVro_100.000_110.000.wav	Frying	0.000	10.020
Y1GMWn4IxVro_100.000_110.000.wav	Speech	0.000	0.680
Y1GMWn4IxVro_100.000_110.000.wav	Speech	2.680	3.340
Y1GMWn4IxVro_100.000_110.000.wav	Speech	4.680	6.020
Y1GMWn4IxVro_100.000_110.000.wav	Speech	8.020	10.020
Y-2RPPODqLy4_30.000_40.000.wav	Alarm_bell_ringing	0.000	2.020
Y-2RPPODqLy4_30.000_40.000.wav	Speech	2.680	3.340
Y-2RPPODqLy4_30.000_40.000.wav	Speech	5.360	8.700
YPlGrb1DKbao_130.000_140.000.wav	Cat	6.020	8.020
YPlGrb1DKbao_130.000_140.000.wav	Cat	9.360	10.020
YPlGrb1DKbao_130.000_140.000.wav	Dog	1.340	3.340
YPlGrb1DKbao_130.000_140.000.wav	Speech	0.000	0.680
Y6Kn4bXCPvaA_30.000_40.000.wav	Cat	0.000	10.020
YG6sxdejGOqw_100.000_110.000.wav	Alarm_bell_ringing	0.680	1.340
YG6sxdejGOqw_100.000_110.000.wav	Alarm_bell_ringing	2.020	4.020
YG6sxdejGOqw_100.000_110.000.wav	Alarm_bell_ringing	6.680	8.700
YG6sxdejGOqw_100.000_110.000.wav	Speech	0.000	0.680
YG6sxdejGOqw_100.000_110.000.wav	Speech	1.340	2.680
YG6sxdejGOqw_100.000_110.000.wav	Speech	3.340	6.020
YU7WkuGO-lps_20.000_30.000.wav	Running_water	0.680	4.020
YU7WkuGO-lps_20.000_30.000.wav	Speech	4.020	4.680
YU7WkuGO-lps_20.000_30.000.wav	Speech	7.360	10.020
YUj2Os8tYIIQ_400.000_410.000.wav	Dishes	5.360	10.020
YUj2Os8tYIIQ_400.000_410.000.wav	Frying	8.700	10.020
YUj2Os8tYIIQ_400.000_410.000.wav	Speech	1.340	4.680
YUj2Os8tYIIQ_400.000_410.000.wav	Speech	7.360	10.020
Y-k-hxP5eWko_30.000_40.000.wav	Blender	0.000	6.680
Y-k-hxP5eWko_30.000_40.000.wav	Speech	6.680	8.700
Y63xWsWuH-eI_10.000_20.000.wav	Vacuum_cleaner	0.000	10.020
Y4WD_zYTAudo_100.000_110.000.wav	Alarm_bell_ringing	0.000	6.020
Y4WD_zYTAudo_100.000_110.000.wav	Dog	6.020	9.360
YSb0169-lqLs_0.000_9.000.wav	Cat	0.000	4.560
YQFnwnAHcttY_30.000_40.000.wav	Running_water	0.000	2.680
YQFnwnAHcttY_30.000_40.000.wav	Running_water	8.700	10.020
YQFnwnAHcttY_30.000_40.000.wav	Speech	2.020	8.700
YM_3Mk2nMydQ_30.000_40.000.wav	Vacuum_cleaner	2.680	10.020
YfZ02KtM1tQQ_30.000_40.000.wav	Alarm_bell_ringing	0.000	10.020
YIIAJof41rNs_0.000_10.000.wav	Cat	2.000	3.320
YIIAJof41rNs_0.000_10.000.wav	Cat	3.980	5.300
YSoYE9FbuU7E_140.000_150.000.wav	Dishes	8.020	10.020
YSoYE9FbuU7E_140.000_150.000.wav	Frying	2.680	6.020
YSoYE9FbuU7E_140.000_150.000.wav	Running_water	6.680	8.020
YSoYE9FbuU7E_140.000_150.000.wav	Speech	0.000	5.360
Yv_7PRrXgkbs_70.000_80.000.wav	Cat	3.340	4.680
Y3gR0QBgrzYQ_20.000_30.000.wav	Vacuum_cleaner	0.000	10.020
Y46t-4NFQ9_w_2.000_12.000.wav	Cat	0.000	9.420
Y46t-4NFQ9_w_2.000_12.000.wav	Speech	4.720	6.740
YUAhzckt0y3U_30.000_40.000.wav	Dog	0.000	10.020
Y9q9pzXBPGtM_30.000_40.000.wav	Alarm_bell_ringing	0.000	10.020
Y2yX9079mMB4_3.000_13.000.wav	Cat	0.000	9.360
Y2yX9079mMB4_3.000_13.000.wav	Speech	6.680	8.020
Y2yX9079mMB4_3.000_13.000.wav	Speech	9.360	10.020
YvT8a_9ZDMH4_240.000_250.000.wav	Frying	0.000	10.020
YvT8a_9ZDMH4_240.000_250.000.wav	Speech	0.000	10.020
YSkPEiTqLlf0_30.000_40.000.wav	Dog	0.000	10.020
YpTeGV9qRyL8_210.000_220.000.wav	Frying	0.000	5.360
YpTeGV9qRyL8_210.000_220.000.wav	Frying	8.020	8.700
YpTeGV9qRyL8_210.000_220.000.wav	Speech	7.360	10.020
Y2gvw16YDwMA_30.000_40.000.wav	Dog	0.000	10.020
YHpA4ldGoHRQ_24.000_34.000.wav	Running_water	0.000	4.000
Yd_3P7vuZwUY_190.000_200.000.wav	Dishes	1.340	10.020
Yh9vUucEhRN4_90.000_100.000.wav	Cat	0.000	10.020
Y5ixvBFzG0kc_28.000_38.000.wav	Dog	2.680	5.360
Y4lqUgzaykg8_160.000_170.000.wav	Dishes	3.340	10.020
Y4lqUgzaykg8_160.000_170.000.wav	Speech	2.020	3.340
YreGGOP8tYLU_0.000_10.000.wav	Dishes	5.360	10.020
YreGGOP8tYLU_0.000_10.000.wav	Speech	0.000	3.340
YreGGOP8tYLU_0.000_10.000.wav	Speech	4.680	5.360
YreGGOP8tYLU_0.000_10.000.wav	Speech	8.020	10.020
Y9cAeyIVi67U_20.000_30.000.wav	Dishes	4.680	10.020
Y9cAeyIVi67U_20.000_30.000.wav	Speech	2.020	3.340
Y9cAeyIVi67U_20.000_30.000.wav	Speech	7.360	10.020
Yn5jbdl4kk-0_100.000_110.000.wav	Blender	9.360	10.020
Yn5jbdl4kk-0_100.000_110.000.wav	Speech	6.680	7.360
Yn5jbdl4kk-0_100.000_110.000.wav	Vacuum_cleaner	0.000	0.680
Yn5jbdl4kk-0_100.000_110.000.wav	Vacuum_cleaner	3.340	5.360
YT37iu1iSh1s_410.000_420.000.wav	Frying	2.020	8.700
YT37iu1iSh1s_410.000_420.000.wav	Speech	0.000	7.360
YT37iu1iSh1s_410.000_420.000.wav	Speech	8.700	10.020
Yf1t07gkcfR8_110.000_120.000.wav	Running_water	6.020	7.360
Yf1t07gkcfR8_110.000_120.000.wav	Running_water	8.020	9.360
YNgBE9eFXXxA_0.000_10.000.wav	Alarm_bell_ringing	0.000	10.020
Y4P0lThY7Bnk_30.000_40.000.wav	Speech	0.000	3.340
Y4P0lThY7Bnk_30.000_40.000.wav	Speech	5.360	8.020
Y4P0lThY7Bnk_30.000_40.000.wav	Speech	9.360	10.020
Y89-cWFtXz_U_270.000_280.000.wav	Dog	0.000	10.020
YNjIBZKo4jUc_70.000_80.000.wav	Running_water	1.340	2.680
YNjIBZKo4jUc_70.000_80.000.wav	Speech	3.340	7.360
YNjIBZKo4jUc_70.000_80.000.wav	Speech	8.020	8.700
Y3qesirWAGt4_20.000_30.000.wav	Dog	0.000	10.020
Yt1gy3Du69vw_320.000_330.000.wav	Dishes	3.340	10.020
Yt1gy3Du69vw_320.000_330.000.wav	Frying	0.000	10.020
Yt1gy3Du69vw_320.000_330.000.wav	Speech	0.000	4.020
Yt1gy3Du69vw_320.000_330.000.wav	Speech	4.680	10.020
YwqfXKhIzSNo_110.000_120.000.wav	Blender	1.340	4.680
YwqfXKhIzSNo_110.000_120.000.wav	Speech	0.000	1.340
YwqfXKhIzSNo_110.000_120.000.wav	Speech	5.360	10.020
Y0dXtmlR1Lm0_30.000_40.000.wav	Dog	0.000	0.680
Y0dXtmlR1Lm0_30.000_40.000.wav	Dog	1.340	2.680
Y0dXtmlR1Lm0_30.000_40.000.wav	Dog	8.020	10.020
Y0dXtmlR1Lm0_30.000_40.000.wav	Speech	0.000	4.020
Y0dXtmlR1Lm0_30.000_40.000.wav	Speech	4.680	8.020
Y6A9tDfvsZC0_30.000_40.000.wav	Cat	0.000	10.020
YYYgdY9YrVBs_340.000_350.000.wav	Running_water	3.340	8.700
Y-bNJ9olw-OE_540.000_550.000.wav	Electric_shaver_toothbrush	0.000	5.360
Y-bNJ9olw-OE_540.000_550.000.wav	Electric_shaver_toothbrush	6.020	6.680
Y-bNJ9olw-OE_540.000_550.000.wav	Speech	4.680	10.020
Y2wBXDZaCJ3Q_390.000_400.000.wav	Running_water	0.680	6.680
Y2wBXDZaCJ3Q_390.000_400.000.wav	Speech	0.000	0.680
Y2wBXDZaCJ3Q_390.000_400.000.wav	Speech	7.360	10.020
YDTyjtZZRKH8_30.000_40.000.wav	Running_water	6.020	10.020
YUoelVWyciuE_10.000_20.000.wav	Cat	0.000	7.360
YDV9DC4wwhfo_50.000_60.000.wav	Dishes	0.680	10.020
YDV9DC4wwhfo_50.000_60.000.wav	Speech	2.680	6.680
YUlOEjgkNdMU_10.000_20.000.wav	Dog	0.000	10.020
YdN7ZWYBJeUE_40.000_50.000.wav	Vacuum_cleaner	0.000	10.020
Y-ZJqu_4zLMc_30.000_40.000.wav	Cat	7.360	8.700
Y-ZJqu_4zLMc_30.000_40.000.wav	Speech	0.000	0.680
Y-ZJqu_4zLMc_30.000_40.000.wav	Speech	3.340	5.360
Y-ZJqu_4zLMc_30.000_40.000.wav	Speech	6.020	6.680
YdweVBqei9LA_160.000_170.000.wav	Running_water	7.360	9.360
Y39IZIbmQPzA_40.000_50.000.wav	Dog	0.000	9.360
Y39IZIbmQPzA_40.000_50.000.wav	Speech	8.700	10.020
Y4VSHxW4Bepo_48.000_58.000.wav	Dishes	8.020	10.020
Y4VSHxW4Bepo_48.000_58.000.wav	Frying	0.000	10.020
Y4VSHxW4Bepo_48.000_58.000.wav	Speech	1.340	2.680
Y4VSHxW4Bepo_48.000_58.000.wav	Speech	5.360	6.680
YhykPnezhLZs_20.000_30.000.wav	Running_water	4.680	10.020
YhykPnezhLZs_20.000_30.000.wav	Speech	0.000	2.020
Yl78ooOwvRyY_0.000_6.000.wav	Dog	0.000	5.200
YIlqOpkmy4C0_11.000_21.000.wav	Alarm_bell_ringing	0.000	9.160
YDqCSTZYskfM_140.000_150.000.wav	Electric_shaver_toothbrush	0.000	10.020
YDqCSTZYskfM_140.000_150.000.wav	Speech	2.020	4.020
Y5b6lStP8UXE_380.000_390.000.wav	Dog	0.000	9.360
Y5b6lStP8UXE_380.000_390.000.wav	Speech	0.000	0.680
Y5b6lStP8UXE_380.000_390.000.wav	Speech	9.360	10.020
Y077aWlQn6XI_30.000_40.000.wav	Blender	0.000	4.020
Y077aWlQn6XI_30.000_40.000.wav	Blender	4.680	6.680
Y077aWlQn6XI_30.000_40.000.wav	Blender	7.360	10.020
Y077aWlQn6XI_30.000_40.000.wav	Speech	0.680	1.340
Y077aWlQn6XI_30.000_40.000.wav	Speech	4.020	5.360
Y077aWlQn6XI_30.000_40.000.wav	Speech	6.680	8.020
YTpX4tu7GrUw_90.000_100.000.wav	Running_water	0.000	6.020
Y-TN-8OnbpPQ_170.000_180.000.wav	Electric_shaver_toothbrush	0.000	8.020
Y-TN-8OnbpPQ_170.000_180.000.wav	Speech	0.000	2.680
Y-TN-8OnbpPQ_170.000_180.000.wav	Speech	8.700	10.020
YzTyDJurqO-Q_200.000_210.000.wav	Frying	2.020	10.020
YzTyDJurqO-Q_200.000_210.000.wav	Speech	0.000	2.020
YzTyDJurqO-Q_200.000_210.000.wav	Speech	4.020	7.360
YzTyDJurqO-Q_200.000_210.000.wav	Speech	8.020	10.020
YLYHc-tF4upI_70.000_80.000.wav	Electric_shaver_toothbrush	0.000	9.320
YMr2kGT6i7e4_20.000_30.000.wav	Speech	0.000	0.680
YMr2kGT6i7e4_20.000_30.000.wav	Speech	4.680	6.020
YMr2kGT6i7e4_20.000_30.000.wav	Speech	7.360	8.700
YWVIsVp-7Jjc_19.000_29.000.wav	Alarm_bell_ringing	0.000	10.020
Y5d4CaV5W8JU_290.000_300.000.wav	Frying	0.000	10.020
Y5d4CaV5W8JU_290.000_300.000.wav	Speech	3.340	4.020
Y5d4CaV5W8JU_290.000_300.000.wav	Speech	5.360	7.360
Y5d4CaV5W8JU_290.000_300.000.wav	Speech	8.020	10.020
Y-Wd5YV97ftU_320.000_330.000.wav	Blender	2.020	10.020
Y-Wd5YV97ftU_320.000_330.000.wav	Speech	0.680	1.340
Y-Wd5YV97ftU_320.000_330.000.wav	Speech	9.360	10.020
Y6FUmapkqPn0_80.000_90.000.wav	Cat	0.000	10.020
YF7UpJnEONHk_30.000_40.000.wav	Blender	4.680	5.360
YF7UpJnEONHk_30.000_40.000.wav	Speech	0.000	4.680
YF7UpJnEONHk_30.000_40.000.wav	Speech	5.360	10.020
YvsDTdpTIIMM_70.000_80.000.wav	Running_water	6.680	10.020
YvsDTdpTIIMM_70.000_80.000.wav	Speech	1.340	6.680
YeCAemGkLJxk_150.000_160.000.wav	Blender	8.020	9.360
YeCAemGkLJxk_150.000_160.000.wav	Speech	0.000	7.360
YeCAemGkLJxk_150.000_160.000.wav	Speech	9.360	10.020
YbUDfTkJCg0o_20.000_30.000.wav	Dishes	4.020	10.020
YbUDfTkJCg0o_20.000_30.000.wav	Frying	0.000	10.020
YbUDfTkJCg0o_20.000_30.000.wav	Speech	0.000	4.680
YbUDfTkJCg0o_20.000_30.000.wav	Speech	6.020	10.020
YbSxca8xb-Fs_10.000_20.000.wav	Alarm_bell_ringing	4.680	10.020
YbSxca8xb-Fs_10.000_20.000.wav	Blender	0.000	2.020
Y6mEVsmeDknA_30.000_40.000.wav	Cat	0.000	10.020
YNKfyi7q0JNU_30.000_40.000.wav	Dog	0.000	10.020
Yzh4tznWde1M_330.000_340.000.wav	Cat	0.000	10.020
Y5zpubyVa1D0_270.000_280.000.wav	Frying	0.000	2.680
Y5zpubyVa1D0_270.000_280.000.wav	Speech	0.000	0.680
Y5zpubyVa1D0_270.000_280.000.wav	Speech	2.680	4.680
Y5zpubyVa1D0_270.000_280.000.wav	Speech	7.360	10.020
YwAl_7IDYfVc_160.000_170.000.wav	Blender	4.020	9.360
YwAl_7IDYfVc_160.000_170.000.wav	Speech	0.000	1.340
YW7gn2todzbg_30.000_40.000.wav	Alarm_bell_ringing	0.000	2.680
Yyu3ov27D928_30.000_40.000.wav	Vacuum_cleaner	0.000	10.020
YxduQyXSEDAc_60.000_70.000.wav	Running_water	2.020	10.020
Y7LsJrF1AwZg_30.000_40.000.wav	Running_water	0.000	3.340
Y6UY-HKyolKk_30.000_40.000.wav	Cat	6.020	7.360
Y6UY-HKyolKk_30.000_40.000.wav	Cat	8.020	10.020
Y6UY-HKyolKk_30.000_40.000.wav	Running_water	7.360	8.700
Y-UFvq4-iS-Y_580.000_590.000.wav	Dog	6.680	10.020
Y-UFvq4-iS-Y_580.000_590.000.wav	Speech	1.340	3.340
Y-UFvq4-iS-Y_580.000_590.000.wav	Speech	5.360	6.020
Y0N17tEW_WEU_30.000_40.000.wav	Speech	0.000	2.020
Y0N17tEW_WEU_30.000_40.000.wav	Speech	2.680	7.360
Y0N17tEW_WEU_30.000_40.000.wav	Speech	8.020	10.020
YMy0YmR6tYAk_60.000_70.000.wav	Vacuum_cleaner	0.000	10.020
YGl4VW2wZcuM_1.000_11.000.wav	Alarm_bell_ringing	0.000	10.020
Yu38xZsCTCOY_30.000_40.000.wav	Cat	0.000	8.020
Y5XYhqCIk15Y_3.000_13.000.wav	Dog	0.000	9.380
YP15JhIEHVHg_30.000_40.000.wav	Dog	0.000	10.020
YP15JhIEHVHg_30.000_40.000.wav	Speech	0.000	0.680
YP15JhIEHVHg_30.000_40.000.wav	Speech	8.020	10.020
YPwdYrskUF3Q_80.000_90.000.wav	Dishes	2.020	10.020
YPwdYrskUF3Q_80.000_90.000.wav	Speech	0.000	0.680
YPwdYrskUF3Q_80.000_90.000.wav	Speech	5.360	6.020
Y-mN6UH1Gd40_30.000_40.000.wav	Dishes	4.680	5.360
Y-mN6UH1Gd40_30.000_40.000.wav	Frying	4.020	4.680
Y-mN6UH1Gd40_30.000_40.000.wav	Speech	0.000	3.340
Y-mN6UH1Gd40_30.000_40.000.wav	Speech	5.360	10.020
Y-qfsR2ZEUcw_30.000_40.000.wav	Frying	0.680	10.020
Y-qfsR2ZEUcw_30.000_40.000.wav	Speech	0.000	2.020
Y-qfsR2ZEUcw_30.000_40.000.wav	Speech	3.340	6.020
Y-qfsR2ZEUcw_30.000_40.000.wav	Speech	7.360	10.020
Y0IMxRf5KZBY_30.000_40.000.wav	Vacuum_cleaner	0.000	9.360
YC7TihoHf_hM_20.000_30.000.wav	Alarm_bell_ringing	0.000	10.020
Y1MP3sQTk8wo_0.000_10.000.wav	Dog	0.000	9.200
YA_RIRJV5AxE_30.000_40.000.wav	Dishes	9.360	10.020
YA_RIRJV5AxE_30.000_40.000.wav	Speech	0.680	2.020
Yvk8iuyRv1qI_260.000_270.000.wav	Blender	0.000	1.340
Yvk8iuyRv1qI_260.000_270.000.wav	Blender	2.020	6.020
Yvk8iuyRv1qI_260.000_270.000.wav	Blender	6.680	10.020
YV3zM2JFHN3Q_40.000_50.000.wav	Running_water	2.680	3.340
YV3zM2JFHN3Q_40.000_50.000.wav	Running_water	4.020	10.020
YNuvgBjmUW1g_140.000_150.000.wav	Dog	3.340	10.020
YNuvgBjmUW1g_140.000_150.000.wav	Speech	0.000	2.020
YNuvgBjmUW1g_140.000_150.000.wav	Speech	4.680	5.360
YEe0RIG8OIeo_230.000_240.000.wav	Running_water	2.020	7.360
Y2K0NKi1wigk_340.000_350.000.wav	Cat	0.000	2.020
Y2K0NKi1wigk_340.000_350.000.wav	Running_water	5.360	6.680
YT9RmxPrs2AY_0.000_10.000.wav	Alarm_bell_ringing	0.000	10.020
YCSCvisy9SmA_500.000_510.000.wav	Speech	0.000	0.680
YCSCvisy9SmA_500.000_510.000.wav	Speech	2.020	2.680
YCSCvisy9SmA_500.000_510.000.wav	Speech	3.340	4.020
YCSCvisy9SmA_500.000_510.000.wav	Speech	8.700	9.360
Y5aPt9TjkIZA_50.000_60.000.wav	Running_water	0.000	7.360
Y-gz_moHFwl4_16.000_26.000.wav	Speech	0.000	2.600
Y-gz_moHFwl4_16.000_26.000.wav	Speech	4.540	5.840
YdVTcTLLD9bo_30.000_40.000.wav	Dog	6.020	6.680
YdVTcTLLD9bo_30.000_40.000.wav	Speech	4.020	4.680
YdVTcTLLD9bo_30.000_40.000.wav	Speech	6.020	8.020
Y02-0m4RbDUI_30.000_40.000.wav	Dishes	5.360	10.020
Y02-0m4RbDUI_30.000_40.000.wav	Speech	0.000	10.020
YFeXj1i4ur5Q_30.000_40.000.wav	Speech	2.680	10.020
YFeXj1i4ur5Q_30.000_40.000.wav	Vacuum_cleaner	0.000	3.340
YFeXj1i4ur5Q_30.000_40.000.wav	Vacuum_cleaner	4.020	4.680
Y8AY0aXAQjwY_250.000_260.000.wav	Speech	0.680	2.680
Y8AY0aXAQjwY_250.000_260.000.wav	Speech	5.360	6.680
Y8AY0aXAQjwY_250.000_260.000.wav	Speech	9.360	10.020
Y-FoTxwPOz3U_0.000_10.000.wav	Dog	8.020	10.020
Y-FoTxwPOz3U_0.000_10.000.wav	Speech	5.360	8.020
Y-FoTxwPOz3U_0.000_10.000.wav	Speech	9.360	10.020
YH8akZoFrPvo_30.000_40.000.wav	Alarm_bell_ringing	0.000	3.340
YH8akZoFrPvo_30.000_40.000.wav	Speech	3.340	10.020
YGc01CEIQnM0_10.000_20.000.wav	Speech	0.000	10.020
YABUQP_h7RTI_340.000_350.000.wav	Alarm_bell_ringing	3.340	4.020
YABUQP_h7RTI_340.000_350.000.wav	Speech	0.000	10.020
Y2rW2I6KmWhw_30.000_40.000.wav	Dog	0.000	10.020
YeeiDM1H_Y-w_20.000_30.000.wav	Frying	1.340	2.680
YeeiDM1H_Y-w_20.000_30.000.wav	Running_water	9.360	10.020
YeeiDM1H_Y-w_20.000_30.000.wav	Speech	0.000	1.340
YeeiDM1H_Y-w_20.000_30.000.wav	Speech	3.340	4.680
YeeiDM1H_Y-w_20.000_30.000.wav	Speech	5.360	9.360
Y-YRJHtktT1g_170.000_180.000.wav	Speech	0.000	0.680
Y-YRJHtktT1g_170.000_180.000.wav	Speech	1.340	2.020
Y-YRJHtktT1g_170.000_180.000.wav	Speech	3.340	6.020
YNfSea2VFxJc_0.000_6.000.wav	Alarm_bell_ringing	0.000	4.840
Y-OeV4dPAQiw_30.000_40.000.wav	Electric_shaver_toothbrush	6.680	7.360
Y-OeV4dPAQiw_30.000_40.000.wav	Electric_shaver_toothbrush	8.700	10.020
Y-OeV4dPAQiw_30.000_40.000.wav	Speech	0.000	8.700
YQcOjEq9Mt5E_70.000_80.000.wav	Blender	0.000	10.020
YH5iBnsKsKMM_0.000_10.000.wav	Vacuum_cleaner	4.020	10.020
YBHGB73ilrCc_30.000_40.000.wav	Dishes	5.360	6.680
YBHGB73ilrCc_30.000_40.000.wav	Speech	2.020	2.680
YBHGB73ilrCc_30.000_40.000.wav	Speech	7.360	10.020
YLPvJFjsxMj8_30.000_40.000.wav	Cat	0.000	10.020
YUjlwtQeFdWY_540.000_550.000.wav	Dog	0.000	10.020
YUjlwtQeFdWY_540.000_550.000.wav	Speech	2.020	4.020
YUjlwtQeFdWY_540.000_550.000.wav	Speech	4.680	5.360
YUjlwtQeFdWY_540.000_550.000.wav	Speech	6.020	6.680
YE1jbUtZSluo_240.000_250.000.wav	Dishes	6.020	10.020
YE1jbUtZSluo_240.000_250.000.wav	Frying	4.680	6.020
YE1jbUtZSluo_240.000_250.000.wav	Frying	6.680	8.020
YE1jbUtZSluo_240.000_250.000.wav	Speech	0.000	0.680
YE1jbUtZSluo_240.000_250.000.wav	Speech	1.340	4.680
YE1jbUtZSluo_240.000_250.000.wav	Speech	6.020	8.020
Y_ZZpAj4rIRk_80.000_90.000.wav	Alarm_bell_ringing	0.000	10.020
Y_ZZpAj4rIRk_80.000_90.000.wav	Speech	6.020	6.680
Y3lsNtH_m7kw_70.000_80.000.wav	Cat	0.000	10.020
Y-nJbGyPg6BY_60.000_70.000.wav	Blender	3.340	10.020
Y-nJbGyPg6BY_60.000_70.000.wav	Speech	0.000	3.340
Y-nJbGyPg6BY_60.000_70.000.wav	Speech	9.360	10.020
Y4isFtP23Sh0_30.000_40.000.wav	Cat	0.000	10.020
Yg7IQYuMyGrA_180.000_190.000.wav	Frying	0.000	4.680
Yg7IQYuMyGrA_180.000_190.000.wav	Frying	5.360	6.020
Yg7IQYuMyGrA_180.000_190.000.wav	Speech	8.020	9.360
Yg7IQYuMyGrA_180.000_190.000.wav	Vacuum_cleaner	0.000	2.020
YJQwirnKysXI_30.000_40.000.wav	Speech	0.000	10.020
YO5vWaj07zN4_30.000_40.000.wav	Vacuum_cleaner	0.000	10.020
Y6GXGC1K7b5k_0.000_10.000.wav	Alarm_bell_ringing	0.000	2.020
Y6GXGC1K7b5k_0.000_10.000.wav	Speech	2.020	2.680
Y6GXGC1K7b5k_0.000_10.000.wav	Speech	3.340	10.020
Y1iYDrXdxkpg_170.000_180.000.wav	Dishes	6.680	9.360
Y1iYDrXdxkpg_170.000_180.000.wav	Frying	4.680	10.020
Y1iYDrXdxkpg_170.000_180.000.wav	Speech	0.000	3.340
Y1iYDrXdxkpg_170.000_180.000.wav	Speech	4.020	6.020
Y1iYDrXdxkpg_170.000_180.000.wav	Speech	8.700	10.020
Y2REf8hLLYMw_30.000_40.000.wav	Cat	0.000	10.020
YJErx-AImWqk_0.000_10.000.wav	Dog	0.000	10.020
Y0D9ZiiYArKw_30.000_40.000.wav	Speech	0.000	10.020
Y3LvZUtupOCs_30.000_40.000.wav	Dog	0.000	10.020
YF-mbfDB9bN4_20.000_30.000.wav	Running_water	2.020	10.020
YF-mbfDB9bN4_20.000_30.000.wav	Speech	2.680	3.340
Y0MH_VX7PnQQ_30.000_40.000.wav	Dog	4.680	8.020
YbnLQeoB3ssU_130.000_140.000.wav	Blender	7.360	8.020
YbnLQeoB3ssU_130.000_140.000.wav	Blender	9.360	10.020
YbnLQeoB3ssU_130.000_140.000.wav	Speech	0.000	6.680
YbnLQeoB3ssU_130.000_140.000.wav	Speech	8.020	9.360
YOEmncpMnPak_30.000_40.000.wav	Alarm_bell_ringing	3.880	4.520
YOEmncpMnPak_30.000_40.000.wav	Alarm_bell_ringing	5.800	7.740
YOEmncpMnPak_30.000_40.000.wav	Speech	0.660	1.300
YOEmncpMnPak_30.000_40.000.wav	Speech	4.520	5.800
YOEmncpMnPak_30.000_40.000.wav	Speech	7.740	9.660
Yt7kNT5K16js_550.000_560.000.wav	Blender	0.000	5.360
Yt7kNT5K16js_550.000_560.000.wav	Speech	5.360	6.020
Yt7kNT5K16js_550.000_560.000.wav	Speech	6.680	10.020
Yuatz5FiIO7c_180.000_190.000.wav	Electric_shaver_toothbrush	0.000	0.680
Yuatz5FiIO7c_180.000_190.000.wav	Electric_shaver_toothbrush	1.340	10.020
Yuatz5FiIO7c_180.000_190.000.wav	Speech	6.020	7.360
Yqb50ye-3OJU_60.000_70.000.wav	Speech	5.360	6.020
Yqb50ye-3OJU_60.000_70.000.wav	Vacuum_cleaner	2.680	3.340
Yqb50ye-3OJU_60.000_70.000.wav	Vacuum_cleaner	7.360	8.020
YakanYTDu2NQ_440.000_450.000.wav	Running_water	7.360	10.020
YAr5r0pzgaRU_30.000_40.000.wav	Cat	0.000	8.700
Y9BGPUKwmSEY_240.000_250.000.wav	Frying	0.000	9.360
Y9BGPUKwmSEY_240.000_250.000.wav	Speech	4.020	6.020
Y9BGPUKwmSEY_240.000_250.000.wav	Speech	9.360	10.020
YVrZkUqz2WZI_290.000_300.000.wav	Running_water	5.360	8.020
YVrZkUqz2WZI_290.000_300.000.wav	Speech	8.700	10.020
Y08Ua8a01P5g_13.000_23.000.wav	Dishes	7.260	7.920
Y08Ua8a01P5g_13.000_23.000.wav	Speech	7.260	8.580
YCu3D2_yZsls_40.000_50.000.wav	Dishes	9.360	10.020
YCu3D2_yZsls_40.000_50.000.wav	Frying	8.020	10.020
YCu3D2_yZsls_40.000_50.000.wav	Speech	0.000	2.680
YCu3D2_yZsls_40.000_50.000.wav	Speech	3.340	6.020
YCu3D2_yZsls_40.000_50.000.wav	Speech	6.680	8.700
YCu3D2_yZsls_40.000_50.000.wav	Speech	9.360	10.020
YAjmZCg_sYc8_30.000_40.000.wav	Dog	0.000	8.020
YW3dVAwDrvfc_450.000_460.000.wav	Vacuum_cleaner	6.680	10.020
YX-jJxA53SFI_130.000_140.000.wav	Electric_shaver_toothbrush	0.000	4.680
YX-jJxA53SFI_130.000_140.000.wav	Speech	6.020	10.020
YfhAAzi6MSXw_70.000_80.000.wav	Dog	0.680	2.680
YLH8GnA-aJ_M_180.000_190.000.wav	Speech	0.000	6.680
YLH8GnA-aJ_M_180.000_190.000.wav	Speech	7.360	9.360
Y1_Q80fDGLRM_10.000_20.000.wav	Dog	0.000	2.680
Y1_Q80fDGLRM_10.000_20.000.wav	Speech	3.340	4.000
Y1_Q80fDGLRM_10.000_20.000.wav	Speech	6.000	8.000
Y1_Q80fDGLRM_10.000_20.000.wav	Speech	8.660	9.320
Y55l9j-CggDQ_30.000_40.000.wav	Dishes	9.360	10.020
Y55l9j-CggDQ_30.000_40.000.wav	Speech	2.020	2.680
Yfjiv34te9vc_30.000_40.000.wav	Cat	0.000	10.020
YZRBWFeHPegQ_220.000_230.000.wav	Blender	2.680	10.020
YY7KoFD3AEx8_74.000_84.000.wav	Speech	0.000	2.680
YY7KoFD3AEx8_74.000_84.000.wav	Speech	5.360	6.680
YY7KoFD3AEx8_74.000_84.000.wav	Speech	7.360	8.700
Y--4gqARaEJE_0.000_10.000.wav	Cat	6.020	10.020
YRayuVcywno0_30.000_40.000.wav	Running_water	5.160	6.440
YRayuVcywno0_30.000_40.000.wav	Speech	0.660	1.940
Ysgpy4uk4bB0_90.000_100.000.wav	Speech	1.340	3.340
Ysgpy4uk4bB0_90.000_100.000.wav	Vacuum_cleaner	3.340	10.020
YCh5_-jvmUwQ_14.000_24.000.wav	Alarm_bell_ringing	0.680	2.000
YCh5_-jvmUwQ_14.000_24.000.wav	Dog	0.000	9.920
Y9LeGCCvrsbs_30.000_40.000.wav	Dishes	4.020	10.020
Y2eYaXTKSpMI_4.000_14.000.wav	Cat	0.000	10.020
YDpLi9YH5idY_30.000_40.000.wav	Dog	0.000	10.020
YM34hO-PqzpE_50.000_60.000.wav	Vacuum_cleaner	0.000	10.020
YYn2KgQjK5R4_200.000_210.000.wav	Running_water	2.680	6.680
Y-BY64_p-vtM_30.000_40.000.wav	Speech	0.680	4.020
Y-BY64_p-vtM_30.000_40.000.wav	Speech	8.700	10.020
YaRCiAM4UAyE_140.000_150.000.wav	Blender	0.000	6.020
YaRCiAM4UAyE_140.000_150.000.wav	Speech	6.020	8.020
Y-Bx_-I7sB5k_160.000_170.000.wav	Cat	0.000	10.020
Y-Bx_-I7sB5k_160.000_170.000.wav	Speech	1.340	3.340
YgWClkWgWVkQ_30.000_40.000.wav	Blender	4.680	10.020
YgWClkWgWVkQ_30.000_40.000.wav	Speech	0.000	3.340
YgWClkWgWVkQ_30.000_40.000.wav	Speech	4.020	4.680
YTim7zUFj1f4_50.000_60.000.wav	Dishes	4.680	10.020
YTim7zUFj1f4_50.000_60.000.wav	Speech	0.000	2.020
YTim7zUFj1f4_50.000_60.000.wav	Speech	2.680	4.680
YTim7zUFj1f4_50.000_60.000.wav	Speech	8.020	10.020
YD02MlVKuAZU_230.000_240.000.wav	Frying	0.000	10.020
YD02MlVKuAZU_230.000_240.000.wav	Speech	1.340	4.020
YD02MlVKuAZU_230.000_240.000.wav	Speech	8.020	9.360
YKk6C7Mm6qWM_20.000_30.000.wav	Alarm_bell_ringing	0.000	4.020
YKk6C7Mm6qWM_20.000_30.000.wav	Alarm_bell_ringing	4.680	10.020
Y3kx-UhywUf0_20.000_30.000.wav	Vacuum_cleaner	6.680	10.020
Y3TyBFLPxDw8_0.000_9.000.wav	Blender	0.000	0.660
Y3TyBFLPxDw8_0.000_9.000.wav	Dog	3.880	9.020
Y3TyBFLPxDw8_0.000_9.000.wav	Speech	0.660	3.880
Y3TyBFLPxDw8_0.000_9.000.wav	Speech	5.800	7.100
YV0gj0EFXIyk_250.000_260.000.wav	Electric_shaver_toothbrush	0.000	8.700
YV0gj0EFXIyk_250.000_260.000.wav	Frying	6.680	8.020
YV0gj0EFXIyk_250.000_260.000.wav	Speech	8.700	10.020
YHjyl1n_1muU_6.000_16.000.wav	Cat	0.000	9.160
YFN9mktgYZJ8_30.000_40.000.wav	Running_water	7.360	10.020
YFN9mktgYZJ8_30.000_40.000.wav	Speech	0.000	2.020
YFN9mktgYZJ8_30.000_40.000.wav	Speech	2.680	6.020
YFatuEXsaQ20_30.000_40.000.wav	Vacuum_cleaner	2.020	2.680
Y0-N62G9etNE_30.000_40.000.wav	Cat	0.000	2.680
YK8yPsF_C8V0_70.000_80.000.wav	Dishes	1.960	9.080
YK8yPsF_C8V0_70.000_80.000.wav	Frying	0.000	9.080
Y5569EtjDU_M_290.000_300.000.wav	Dishes	3.340	10.020
Y5569EtjDU_M_290.000_300.000.wav	Speech	6.680	8.020
YEy7CIPAeqsY_30.000_40.000.wav	Dog	0.000	6.020
YEy7CIPAeqsY_30.000_40.000.wav	Dog	7.360	10.020
YEy7CIPAeqsY_30.000_40.000.wav	Speech	5.360	6.020
YEy7CIPAeqsY_30.000_40.000.wav	Speech	6.680	7.360
Y0AA0R8gbxcI_30.000_40.000.wav	Blender	0.000	10.020
Y2KhtV4TsZ3M_120.000_130.000.wav	Dishes	5.360	10.020
Y2KhtV4TsZ3M_120.000_130.000.wav	Frying	2.020	10.020
Y2KhtV4TsZ3M_120.000_130.000.wav	Speech	0.000	0.680
YukYd1nfdJlM_60.000_70.000.wav	Running_water	4.680	10.020
YukYd1nfdJlM_60.000_70.000.wav	Speech	2.680	4.020
Y-_HXiz8XnV0_580.000_590.000.wav	Dog	7.360	8.020
Y-_HXiz8XnV0_580.000_590.000.wav	Speech	0.000	0.680
YT_FZMsRHzLc_30.000_40.000.wav	Cat	0.000	9.360
Ydy7klgwlfNs_280.000_290.000.wav	Cat	0.680	4.680
Ydy7klgwlfNs_280.000_290.000.wav	Speech	5.360	6.680
Ydy7klgwlfNs_280.000_290.000.wav	Speech	8.020	8.700
Y-jZENGDFArw_80.000_90.000.wav	Dog	4.680	9.360
Y-jZENGDFArw_80.000_90.000.wav	Speech	1.340	2.020
Y-jZENGDFArw_80.000_90.000.wav	Speech	4.020	4.680
YMNwv1tGeR_I_30.000_40.000.wav	Speech	0.000	1.340
YMNwv1tGeR_I_30.000_40.000.wav	Speech	2.020	5.360
YMNwv1tGeR_I_30.000_40.000.wav	Speech	6.680	10.020
Y4Jc8UZHaqHw_19.000_29.000.wav	Dog	0.660	8.480
Y4Jc8UZHaqHw_19.000_29.000.wav	Speech	4.560	6.520
Y4Jc8UZHaqHw_19.000_29.000.wav	Speech	7.820	8.480
YmlpF226Gvlo_0.000_10.000.wav	Cat	0.000	9.360
YXPwJUqBkTBg_110.000_120.000.wav	Blender	3.340	4.680
YXPwJUqBkTBg_110.000_120.000.wav	Blender	6.020	8.020
YE-ChpXLfh_E_30.000_40.000.wav	Alarm_bell_ringing	0.000	4.020
YE-ChpXLfh_E_30.000_40.000.wav	Alarm_bell_ringing	4.680	5.360
YE-ChpXLfh_E_30.000_40.000.wav	Alarm_bell_ringing	6.680	8.020
YE-ChpXLfh_E_30.000_40.000.wav	Speech	3.340	4.680
YE-ChpXLfh_E_30.000_40.000.wav	Speech	6.020	6.680
YE-ChpXLfh_E_30.000_40.000.wav	Speech	8.020	9.360
Y-8Mzg0pjOzc_30.000_40.000.wav	Frying	1.340	10.020
Y-8Mzg0pjOzc_30.000_40.000.wav	Speech	0.000	10.020
YnmuGX7pwjTE_250.000_260.000.wav	Dishes	2.680	10.020
YnmuGX7pwjTE_250.000_260.000.wav	Frying	0.680	10.020
YnmuGX7pwjTE_250.000_260.000.wav	Speech	0.000	0.680
YnmuGX7pwjTE_250.000_260.000.wav	Speech	1.340	3.340
YnmuGX7pwjTE_250.000_260.000.wav	Speech	4.020	7.360
YnmuGX7pwjTE_250.000_260.000.wav	Speech	8.020	10.020
Y7FlTfWm2fVY_41.000_51.000.wav	Alarm_bell_ringing	0.000	4.020
Y7FlTfWm2fVY_41.000_51.000.wav	Alarm_bell_ringing	4.680	8.020
Y7FlTfWm2fVY_41.000_51.000.wav	Dog	7.360	9.360
YkDwLN8_XS4Y_30.000_40.000.wav	Alarm_bell_ringing	0.000	2.020
YkDwLN8_XS4Y_30.000_40.000.wav	Speech	0.000	0.680
YkDwLN8_XS4Y_30.000_40.000.wav	Speech	1.340	5.360
YkDwLN8_XS4Y_30.000_40.000.wav	Speech	6.020	10.020
YQiFBbt-6yfU_0.000_10.000.wav	Blender	5.360	6.680
YQiFBbt-6yfU_0.000_10.000.wav	Blender	8.700	9.360
YQiFBbt-6yfU_0.000_10.000.wav	Speech	0.680	4.680
YMA2MTloAjr8_10.000_20.000.wav	Alarm_bell_ringing	0.000	10.020
YtBoyXW9_TwU_0.000_10.000.wav	Alarm_bell_ringing	0.000	2.680
YtBoyXW9_TwU_0.000_10.000.wav	Speech	2.680	5.360
YtBoyXW9_TwU_0.000_10.000.wav	Speech	6.020	10.020
YDqGNQbGXbcc_90.000_100.000.wav	Alarm_bell_ringing	5.360	10.020
Ykdf1gSHWMKE_120.000_130.000.wav	Electric_shaver_toothbrush	4.680	7.360
Ykdf1gSHWMKE_120.000_130.000.wav	Frying	8.700	9.360
Ykdf1gSHWMKE_120.000_130.000.wav	Speech	0.000	3.340
Y9cYVBOJmXIw_30.000_40.000.wav	Dog	8.700	9.360
Y9cYVBOJmXIw_30.000_40.000.wav	Speech	0.000	0.680
Y9cYVBOJmXIw_30.000_40.000.wav	Speech	2.680	3.340
YJCQHV_YHSEI_30.000_40.000.wav	Alarm_bell_ringing	0.000	4.020
YJCQHV_YHSEI_30.000_40.000.wav	Alarm_bell_ringing	4.680	7.360
YJCQHV_YHSEI_30.000_40.000.wav	Speech	4.020	4.680
YJCQHV_YHSEI_30.000_40.000.wav	Speech	8.020	9.360
YKn-WVGzPVZg_20.000_30.000.wav	Running_water	4.020	6.680
YKn-WVGzPVZg_20.000_30.000.wav	Running_water	8.700	10.020
YKn-WVGzPVZg_20.000_30.000.wav	Speech	8.020	8.700
YrhhoC11SBi4_0.000_10.000.wav	Vacuum_cleaner	0.680	10.020
YU4LITdDmjvg_11.000_21.000.wav	Running_water	0.000	1.340
YU4LITdDmjvg_11.000_21.000.wav	Running_water	3.340	9.320
Y-M7ZNV6gLo0_310.000_320.000.wav	Speech	4.680	6.020
Y-M7ZNV6gLo0_310.000_320.000.wav	Speech	6.680	8.020
Y-M7ZNV6gLo0_310.000_320.000.wav	Speech	8.700	10.020
Y-0CamVQdP_Y_0.000_6.000.wav	Alarm_bell_ringing	0.000	0.680
Y-0CamVQdP_Y_0.000_6.000.wav	Running_water	3.360	4.700
Y-0CamVQdP_Y_0.000_6.000.wav	Speech	4.700	6.020
Y1WGfcIOLUK8_30.000_40.000.wav	Dog	3.340	10.020
Y1WGfcIOLUK8_30.000_40.000.wav	Speech	0.000	1.340
YV23UiMHeJF4_0.000_10.000.wav	Vacuum_cleaner	0.680	10.020
YN_bWjtccFg0_20.000_30.000.wav	Dog	0.000	10.020
YN_bWjtccFg0_20.000_30.000.wav	Speech	0.000	0.680
YN_bWjtccFg0_20.000_30.000.wav	Speech	2.020	2.680
YdB31Es7Z-iU_23.000_33.000.wav	Running_water	0.000	9.200
YRxYaU8ucFis_30.000_40.000.wav	Alarm_bell_ringing	0.000	5.360
YRxYaU8ucFis_30.000_40.000.wav	Speech	5.360	10.020
YF2FjmfvmRa0_20.000_30.000.wav	Dog	0.000	10.020
YOFhMVCVS3xI_270.000_280.000.wav	Blender	2.020	5.360
YOFhMVCVS3xI_270.000_280.000.wav	Speech	6.680	10.020
YeB0kQ_zYdHc_180.000_190.000.wav	Speech	0.000	2.680
YeB0kQ_zYdHc_180.000_190.000.wav	Speech	9.360	10.020
Yp-DFoKuwjAw_180.000_190.000.wav	Frying	0.000	10.020
Yp-DFoKuwjAw_180.000_190.000.wav	Speech	0.000	2.020
Yp-DFoKuwjAw_180.000_190.000.wav	Speech	4.020	10.020
YDPNmUOnE83o_10.000_20.000.wav	Blender	4.020	8.020
YDPNmUOnE83o_10.000_20.000.wav	Dog	0.680	3.340
YDPNmUOnE83o_10.000_20.000.wav	Dog	8.020	9.360
YDPNmUOnE83o_10.000_20.000.wav	Speech	0.000	0.680
YDPNmUOnE83o_10.000_20.000.wav	Speech	6.020	6.680
YDPNmUOnE83o_10.000_20.000.wav	Speech	8.020	8.700
YtEFlN-xm9Rs_400.000_410.000.wav	Alarm_bell_ringing	1.340	3.340
YtEFlN-xm9Rs_400.000_410.000.wav	Speech	4.680	6.680
YtEFlN-xm9Rs_400.000_410.000.wav	Speech	8.700	10.020
YiCuoP_GjP5U_450.000_460.000.wav	Electric_shaver_toothbrush	0.000	10.020
YFon1IZ0fRSI_30.000_40.000.wav	Dog	0.000	10.020
YFon1IZ0fRSI_30.000_40.000.wav	Speech	9.360	10.020
YXwhCwPTpKQw_400.000_410.000.wav	Running_water	1.340	5.360
YerYO0AUJDUQ_120.000_130.000.wav	Vacuum_cleaner	0.680	10.020
Y0BgI0XxW0kE_340.000_350.000.wav	Running_water	4.020	4.680
Y0BgI0XxW0kE_340.000_350.000.wav	Running_water	8.700	10.020
Y0BgI0XxW0kE_340.000_350.000.wav	Speech	1.340	2.020
Yxa-lg7S1vns_51.000_61.000.wav	Cat	4.580	5.880
Yxa-lg7S1vns_51.000_61.000.wav	Cat	6.520	7.180
Y8W82WdRBx4E_20.000_30.000.wav	Alarm_bell_ringing	0.680	1.340
Y8W82WdRBx4E_20.000_30.000.wav	Alarm_bell_ringing	8.020	10.020
Y53-OcC7i-W4_25.000_35.000.wav	Alarm_bell_ringing	0.000	4.680
Y53-OcC7i-W4_25.000_35.000.wav	Alarm_bell_ringing	6.680	9.360
Y8CrTpWNBiTo_120.000_130.000.wav	Dog	0.000	10.020
YLf9Ll9KOBfY_320.000_330.000.wav	Running_water	4.680	8.020
YLf9Ll9KOBfY_320.000_330.000.wav	Speech	1.340	4.020
YLf9Ll9KOBfY_320.000_330.000.wav	Speech	8.020	10.020
YUCsiHG_4wkk_0.000_10.000.wav	Alarm_bell_ringing	2.020	10.020
YUCsiHG_4wkk_0.000_10.000.wav	Speech	0.680	1.340
YZyJMdv7sXnU_550.000_560.000.wav	Blender	0.000	4.020
YZyJMdv7sXnU_550.000_560.000.wav	Speech	3.340	10.020
YJQ_4fYOd-R0_30.000_40.000.wav	Cat	0.000	0.680
YJQ_4fYOd-R0_30.000_40.000.wav	Cat	2.020	9.360
YF-i7xaERdUA_113.000_123.000.wav	Alarm_bell_ringing	0.000	9.360
Y-VLOm8cJZRI_70.000_80.000.wav	Dishes	7.360	8.020
Y-VLOm8cJZRI_70.000_80.000.wav	Running_water	6.020	6.680
YScwMaXCZC7M_0.000_10.000.wav	Alarm_bell_ringing	0.000	10.020
Y9DJVHVONlao_60.000_70.000.wav	Speech	0.680	2.020
Y9DJVHVONlao_60.000_70.000.wav	Speech	3.340	4.680
YUfMr4FFsS28_21.000_31.000.wav	Cat	0.000	1.320
YUfMr4FFsS28_21.000_31.000.wav	Dog	0.660	9.900
YuoCay5JXnn4_0.000_10.000.wav	Running_water	4.020	9.360
Y-fz6omiAhZ8_40.000_50.000.wav	Dishes	8.020	8.700
Y-fz6omiAhZ8_40.000_50.000.wav	Dishes	9.360	10.020
Y-fz6omiAhZ8_40.000_50.000.wav	Speech	0.680	1.340
Y-fz6omiAhZ8_40.000_50.000.wav	Speech	5.360	7.360
Y-fz6omiAhZ8_40.000_50.000.wav	Speech	8.020	10.020
YIcOOOLZVXnA_30.000_40.000.wav	Dog	0.000	1.340
YIcOOOLZVXnA_30.000_40.000.wav	Dog	3.340	10.020
YIcOOOLZVXnA_30.000_40.000.wav	Speech	0.680	1.340
YIcOOOLZVXnA_30.000_40.000.wav	Speech	2.680	3.340
YYxYnXDP_Oyc_280.000_290.000.wav	Dishes	4.020	10.020
YYxYnXDP_Oyc_280.000_290.000.wav	Frying	0.000	10.020
YYxYnXDP_Oyc_280.000_290.000.wav	Speech	7.360	10.020
YWzmlUCUX6WM_70.000_80.000.wav	Running_water	0.000	2.020
YWzmlUCUX6WM_70.000_80.000.wav	Running_water	4.020	6.020
YWzmlUCUX6WM_70.000_80.000.wav	Running_water	8.700	9.360
YWzmlUCUX6WM_70.000_80.000.wav	Speech	2.020	2.680
YWzmlUCUX6WM_70.000_80.000.wav	Speech	6.680	8.020
YWzmlUCUX6WM_70.000_80.000.wav	Speech	9.360	10.020
Y84uy3xSw9H0_30.000_40.000.wav	Dog	0.000	2.680
Y84uy3xSw9H0_30.000_40.000.wav	Dog	5.360	7.360
Y84uy3xSw9H0_30.000_40.000.wav	Speech	2.680	4.680
Y84uy3xSw9H0_30.000_40.000.wav	Speech	8.020	10.020
YZxWfqAhmnpg_50.000_60.000.wav	Speech	6.680	8.020
Y0JKxC7qrgt0_80.000_90.000.wav	Dishes	2.020	10.020
Y0JKxC7qrgt0_80.000_90.000.wav	Speech	7.360	8.020
Y0JKxC7qrgt0_80.000_90.000.wav	Speech	8.700	10.020
YR-KzhZBuz-0_200.000_210.000.wav	Blender	0.000	7.360
YR-KzhZBuz-0_200.000_210.000.wav	Speech	8.020	10.020
YtYChCV0-rCA_110.000_120.000.wav	Blender	0.680	2.020
YtYChCV0-rCA_110.000_120.000.wav	Dishes	4.020	10.020
YtYChCV0-rCA_110.000_120.000.wav	Speech	8.020	10.020
Y1nx8b3U8ZqA_95.000_105.000.wav	Electric_shaver_toothbrush	1.340	4.020
Y1nx8b3U8ZqA_95.000_105.000.wav	Speech	0.000	0.680
Y1nx8b3U8ZqA_95.000_105.000.wav	Speech	1.340	4.020
Y1nx8b3U8ZqA_95.000_105.000.wav	Speech	4.680	9.360
YgTXz4thnsYQ_100.000_110.000.wav	Blender	0.000	3.340
Y36E3XXqab40_40.000_50.000.wav	Frying	4.680	10.020
Y36E3XXqab40_40.000_50.000.wav	Speech	0.000	5.360
Y36E3XXqab40_40.000_50.000.wav	Speech	7.360	10.020
Y-wQ8El8J_dE_30.000_40.000.wav	Speech	0.680	2.020
Y-wQ8El8J_dE_30.000_40.000.wav	Speech	3.340	8.020
Y-wQ8El8J_dE_30.000_40.000.wav	Speech	8.700	10.020
Y-YAyjUL7_xo_200.000_210.000.wav	Frying	6.020	7.360
Y-YAyjUL7_xo_200.000_210.000.wav	Frying	9.360	10.020
Y-YAyjUL7_xo_200.000_210.000.wav	Speech	2.680	6.020
Y7CRVoUCXg_A_30.000_40.000.wav	Speech	0.000	2.020
Y7CRVoUCXg_A_30.000_40.000.wav	Speech	2.680	3.340
Y7CRVoUCXg_A_30.000_40.000.wav	Speech	5.360	6.680
Y7CRVoUCXg_A_30.000_40.000.wav	Speech	9.360	10.020
Y1SLrRllxMkU_60.000_70.000.wav	Dog	0.000	10.020
YSUFOgc9Pkd8_30.000_40.000.wav	Dog	6.020	7.360
YSUFOgc9Pkd8_30.000_40.000.wav	Speech	6.020	10.020
YIUdIAuoqEbM_0.000_10.000.wav	Cat	2.020	2.680
YIUdIAuoqEbM_0.000_10.000.wav	Cat	4.020	8.020
YReJR84wiUdM_30.000_40.000.wav	Alarm_bell_ringing	0.000	9.360
Yaj1pv3GKtZY_60.000_70.000.wav	Alarm_bell_ringing	3.340	4.020
Yaj1pv3GKtZY_60.000_70.000.wav	Alarm_bell_ringing	6.680	8.020
Yaj1pv3GKtZY_60.000_70.000.wav	Speech	0.000	2.680
Yaj1pv3GKtZY_60.000_70.000.wav	Speech	4.020	6.020
Yaj1pv3GKtZY_60.000_70.000.wav	Speech	8.020	8.700
Yaj1pv3GKtZY_60.000_70.000.wav	Speech	9.360	10.020
Y0LTmV_dOmmo_30.000_40.000.wav	Dishes	5.360	10.020
Y0LTmV_dOmmo_30.000_40.000.wav	Speech	7.360	8.700
YPB3VhxPnYIQ_30.000_40.000.wav	Alarm_bell_ringing	2.680	4.020
YPB3VhxPnYIQ_30.000_40.000.wav	Dog	2.680	4.020
YPB3VhxPnYIQ_30.000_40.000.wav	Electric_shaver_toothbrush	6.020	7.360
YPB3VhxPnYIQ_30.000_40.000.wav	Speech	0.680	1.340
YPB3VhxPnYIQ_30.000_40.000.wav	Speech	4.020	5.360
YWdIsOZQHeBY_30.000_40.000.wav	Dog	0.000	10.020
YWubFWxjQrC4_20.000_30.000.wav	Alarm_bell_ringing	7.360	10.020
YPwC9_vE_rqk_120.000_130.000.wav	Dishes	9.360	10.020
YPwC9_vE_rqk_120.000_130.000.wav	Frying	0.680	7.360
Y_gQFB_Utuf0_30.000_40.000.wav	Cat	0.000	10.020
Y3Qli5msTyH8_150.000_160.000.wav	Electric_shaver_toothbrush	0.000	1.340
Y3Qli5msTyH8_150.000_160.000.wav	Frying	1.340	10.020
Y3Qli5msTyH8_150.000_160.000.wav	Speech	4.680	8.020
Y3Qli5msTyH8_150.000_160.000.wav	Speech	8.700	10.020
YuPYNx8lT1gY_40.000_50.000.wav	Dishes	6.020	10.020
YuPYNx8lT1gY_40.000_50.000.wav	Speech	2.020	4.020
YuPYNx8lT1gY_40.000_50.000.wav	Speech	8.020	8.700
YuPYNx8lT1gY_40.000_50.000.wav	Speech	9.360	10.020
YsaCjCc3OaU8_60.000_70.000.wav	Running_water	0.000	10.020
Y-yrutqBKk-U_30.000_40.000.wav	Dishes	9.360	10.020
Y-yrutqBKk-U_30.000_40.000.wav	Electric_shaver_toothbrush	1.340	2.680
Y-yrutqBKk-U_30.000_40.000.wav	Frying	8.700	10.020
Y-yrutqBKk-U_30.000_40.000.wav	Speech	0.000	3.340
Y-yrutqBKk-U_30.000_40.000.wav	Speech	4.680	8.020
Y-yrutqBKk-U_30.000_40.000.wav	Speech	9.360	10.020
Y5H-b1D1mtk8_10.000_20.000.wav	Running_water	2.020	4.020
Y5H-b1D1mtk8_10.000_20.000.wav	Speech	0.000	2.020
Y5H-b1D1mtk8_10.000_20.000.wav	Speech	4.020	10.020
YAg_YyTCOFqw_30.000_40.000.wav	Frying	0.000	10.020
YAg_YyTCOFqw_30.000_40.000.wav	Speech	0.000	9.360
YOV8eysG8KEk_1.000_11.000.wav	Alarm_bell_ringing	2.620	4.600
YOV8eysG8KEk_1.000_11.000.wav	Cat	1.320	3.280
YOV8eysG8KEk_1.000_11.000.wav	Speech	5.900	7.220
Ya2prr9ZiFxA_580.000_590.000.wav	Electric_shaver_toothbrush	1.340	3.340
Ya2prr9ZiFxA_580.000_590.000.wav	Speech	0.000	0.680
Ya2prr9ZiFxA_580.000_590.000.wav	Speech	3.340	5.360
Ya2prr9ZiFxA_580.000_590.000.wav	Speech	8.020	8.700
Y-UTdhK0lwuw_30.000_40.000.wav	Running_water	0.000	10.020
YNpBpCvW0Rus_60.000_70.000.wav	Electric_shaver_toothbrush	0.000	10.020
YCIDw75mUl6c_30.000_40.000.wav	Speech	0.000	10.020
YkEakYl5pDEM_210.000_220.000.wav	Running_water	1.340	2.020
YkEakYl5pDEM_210.000_220.000.wav	Speech	3.340	6.680
YrgRQth5jSPU_70.000_80.000.wav	Frying	0.680	10.020
YrgRQth5jSPU_70.000_80.000.wav	Speech	0.000	0.680
YrgRQth5jSPU_70.000_80.000.wav	Speech	3.340	4.680
YjlmyAZSidOQ_290.000_300.000.wav	Running_water	0.000	4.020
YjlmyAZSidOQ_290.000_300.000.wav	Speech	4.680	10.020
YkjhwyGWGDkY_30.000_40.000.wav	Alarm_bell_ringing	2.680	4.020
YkjhwyGWGDkY_30.000_40.000.wav	Speech	0.000	0.680
YkjhwyGWGDkY_30.000_40.000.wav	Speech	5.360	10.020
Y3JJ700tVT_0_2.000_12.000.wav	Running_water	0.000	7.900
YPS5KAEgrtMA_30.000_40.000.wav	Alarm_bell_ringing	0.000	2.020
YgyhxCxzvIps_10.000_20.000.wav	Cat	0.000	10.020
YWGqz-OVwLGs_40.000_50.000.wav	Vacuum_cleaner	0.000	10.020
YOGvcA1UgYHY_260.000_270.000.wav	Speech	0.000	1.340
YJh-ills3nEQ_30.000_40.000.wav	Dog	2.020	8.700
YJh-ills3nEQ_30.000_40.000.wav	Dog	9.360	10.020
Y-fAGzY9rnaA_30.000_40.000.wav	Electric_shaver_toothbrush	0.680	8.700
Y-fAGzY9rnaA_30.000_40.000.wav	Speech	0.000	2.020
Y-fAGzY9rnaA_30.000_40.000.wav	Speech	2.680	10.020
Y1TAOyk0Xgss_370.000_380.000.wav	Speech	0.000	0.680
Y1TAOyk0Xgss_370.000_380.000.wav	Vacuum_cleaner	0.680	10.020
YMF88IYF2MHY_0.000_10.000.wav	Speech	4.020	5.360
Ym-zOMNnVX78_40.000_50.000.wav	Speech	6.680	7.360
Ym-zOMNnVX78_40.000_50.000.wav	Vacuum_cleaner	1.340	6.020
Ym-zOMNnVX78_40.000_50.000.wav	Vacuum_cleaner	8.020	9.360
YSVyopQxDdHc_560.000_570.000.wav	Frying	2.680	4.020
YSVyopQxDdHc_560.000_570.000.wav	Running_water	8.700	9.360
YSVyopQxDdHc_560.000_570.000.wav	Speech	0.000	2.020
YSVyopQxDdHc_560.000_570.000.wav	Speech	5.360	6.020
YSVyopQxDdHc_560.000_570.000.wav	Speech	6.680	8.020
YMgD5JedaXGs_20.000_30.000.wav	Dog	0.000	10.020
YSBVvm2xyVLU_380.000_390.000.wav	Dishes	6.020	10.020
YSBVvm2xyVLU_380.000_390.000.wav	Speech	0.000	0.680
YSBVvm2xyVLU_380.000_390.000.wav	Speech	2.680	4.020
YSBVvm2xyVLU_380.000_390.000.wav	Speech	4.680	6.020
YSBVvm2xyVLU_380.000_390.000.wav	Speech	8.020	10.020
Y4ynKNPBxypA_18.000_28.000.wav	Dog	0.000	9.740
Y4H5p1W_oS9g_160.000_170.000.wav	Running_water	3.340	7.360
Y4H5p1W_oS9g_160.000_170.000.wav	Running_water	8.020	10.020
YJunna4uGy5I_510.000_520.000.wav	Blender	4.680	5.360
YJunna4uGy5I_510.000_520.000.wav	Running_water	4.680	5.360
YJunna4uGy5I_510.000_520.000.wav	Running_water	7.360	8.700
YJunna4uGy5I_510.000_520.000.wav	Speech	0.000	2.020
YJunna4uGy5I_510.000_520.000.wav	Speech	2.680	4.020
YJunna4uGy5I_510.000_520.000.wav	Speech	6.680	7.360
YJunna4uGy5I_510.000_520.000.wav	Speech	9.360	10.020
Ye0SHMVK7cec_170.000_180.000.wav	Alarm_bell_ringing	8.700	10.020
Ye0SHMVK7cec_170.000_180.000.wav	Speech	0.000	2.680
Ye0SHMVK7cec_170.000_180.000.wav	Speech	4.020	8.700
YwMXiOt2HHUw_20.000_30.000.wav	Vacuum_cleaner	0.000	10.020
YL4Z7XkS6CtA_30.000_40.000.wav	Running_water	4.020	6.020
YL4Z7XkS6CtA_30.000_40.000.wav	Speech	2.680	3.340
YL4Z7XkS6CtA_30.000_40.000.wav	Speech	7.360	8.020
Y5bHKmOv3XzE_30.000_40.000.wav	Running_water	2.020	8.700
Y7916WqcPKBA_30.000_40.000.wav	Vacuum_cleaner	2.680	4.020
Y7916WqcPKBA_30.000_40.000.wav	Vacuum_cleaner	6.680	9.360
YwBqBVtBHDTE_30.000_40.000.wav	Alarm_bell_ringing	0.000	8.700
YXHKAWWnw4aQ_130.000_140.000.wav	Dishes	8.700	10.020
YXHKAWWnw4aQ_130.000_140.000.wav	Frying	0.000	10.020
YXHKAWWnw4aQ_130.000_140.000.wav	Speech	0.000	6.020
YXHKAWWnw4aQ_130.000_140.000.wav	Speech	6.680	9.360
Y6OAXLFoBpLY_0.000_10.000.wav	Alarm_bell_ringing	0.000	0.680
YFu2PVtbwfhc_470.000_480.000.wav	Frying	0.000	1.340
YFu2PVtbwfhc_470.000_480.000.wav	Frying	5.360	7.360
YFu2PVtbwfhc_470.000_480.000.wav	Running_water	1.340	5.360
YFu2PVtbwfhc_470.000_480.000.wav	Running_water	7.360	8.020
YFu2PVtbwfhc_470.000_480.000.wav	Speech	8.020	10.020
YvATUVASx8ug_0.000_10.000.wav	Alarm_bell_ringing	6.020	8.020
Y0foC-4n-eH0_0.000_8.000.wav	Dog	6.500	7.140
Y0foC-4n-eH0_0.000_8.000.wav	Running_water	1.960	2.600
YJjqHDGzcz6c_100.000_110.000.wav	Vacuum_cleaner	3.340	10.020
YAF0CtMb81t8_30.000_40.000.wav	Speech	4.020	5.360
YAF0CtMb81t8_30.000_40.000.wav	Speech	6.680	9.360
YDwQ1WyGETDY_27.000_37.000.wav	Dog	0.000	6.020
YDwQ1WyGETDY_27.000_37.000.wav	Speech	6.020	8.040
Ye4VoLbOdkIE_180.000_190.000.wav	Electric_shaver_toothbrush	0.000	10.020
Ye4VoLbOdkIE_180.000_190.000.wav	Speech	0.000	2.680
Ye4VoLbOdkIE_180.000_190.000.wav	Speech	4.020	5.360
Ye4VoLbOdkIE_180.000_190.000.wav	Speech	6.020	7.360
YlBzEk72sMr0_370.000_380.000.wav	Dishes	6.020	10.020
YlBzEk72sMr0_370.000_380.000.wav	Speech	0.000	0.680
YlBzEk72sMr0_370.000_380.000.wav	Speech	2.020	2.680
YlBzEk72sMr0_370.000_380.000.wav	Speech	3.340	4.680
YlBzEk72sMr0_370.000_380.000.wav	Speech	6.680	7.360
YlBzEk72sMr0_370.000_380.000.wav	Speech	8.020	10.020
YO1sS0ahb4MA_160.000_170.000.wav	Dishes	8.700	10.020
YO1sS0ahb4MA_160.000_170.000.wav	Running_water	1.340	3.340
YO1sS0ahb4MA_160.000_170.000.wav	Speech	3.340	4.680
YO1sS0ahb4MA_160.000_170.000.wav	Speech	6.020	8.020
YO1sS0ahb4MA_160.000_170.000.wav	Speech	8.700	10.020
YQrcL5TkDTD0_0.000_10.000.wav	Alarm_bell_ringing	2.680	9.360
Yw4_26WHfzko_30.000_40.000.wav	Running_water	0.000	9.360
Y-UKH_6moRZc_180.000_190.000.wav	Cat	0.000	2.020
Y-UKH_6moRZc_180.000_190.000.wav	Cat	2.680	3.340
Y-UKH_6moRZc_180.000_190.000.wav	Cat	7.360	9.360
Y-UKH_6moRZc_180.000_190.000.wav	Speech	9.360	10.020
YcfEKOEmFxp0_40.000_50.000.wav	Frying	0.000	1.340
YcfEKOEmFxp0_40.000_50.000.wav	Frying	8.020	10.020
YcfEKOEmFxp0_40.000_50.000.wav	Speech	1.340	4.680
YcfEKOEmFxp0_40.000_50.000.wav	Speech	5.360	6.680
YcfEKOEmFxp0_40.000_50.000.wav	Speech	7.360	10.020
Y2IEoe3YvCJo_20.000_30.000.wav	Running_water	7.800	9.100
Y2IEoe3YvCJo_20.000_30.000.wav	Speech	2.600	3.260
YEmPv3XBRi-w_50.000_60.000.wav	Running_water	0.680	6.680
Y8qMwRaqKt3Y_50.000_60.000.wav	Dog	3.340	10.020
Y8qMwRaqKt3Y_50.000_60.000.wav	Speech	0.680	2.020
Y8qMwRaqKt3Y_50.000_60.000.wav	Speech	4.020	4.680
YZLX7NZF2-KE_340.000_350.000.wav	Dishes	9.360	10.020
YZLX7NZF2-KE_340.000_350.000.wav	Speech	0.000	8.020
Y8UQI59N-bAs_10.000_20.000.wav	Alarm_bell_ringing	0.000	10.020
YZt-2s6YGPOE_440.000_450.000.wav	Running_water	0.000	3.340
YZt-2s6YGPOE_440.000_450.000.wav	Speech	9.360	10.020
YRi-tkp3IIic_10.000_20.000.wav	Cat	3.340	9.360
YRi-tkp3IIic_10.000_20.000.wav	Dog	1.340	3.340
YSonqbrzgxQs_6.000_16.000.wav	Alarm_bell_ringing	0.000	9.520
YEeGWe8e_2jg_30.000_40.000.wav	Dog	0.000	10.000
Y75PJeJ2hGcw_30.000_40.000.wav	Cat	0.000	10.020
YF2eqfiTxDwg_240.000_250.000.wav	Blender	8.700	10.020
YF2eqfiTxDwg_240.000_250.000.wav	Speech	0.000	2.680
YF2eqfiTxDwg_240.000_250.000.wav	Speech	4.680	5.360
YF2eqfiTxDwg_240.000_250.000.wav	Speech	6.680	7.360
YHUm2vzjI6DQ_220.000_230.000.wav	Vacuum_cleaner	0.000	10.020
YtMxA0pghG4k_30.000_40.000.wav	Alarm_bell_ringing	0.000	10.020
YAKjcrEsYykE_340.000_350.000.wav	Electric_shaver_toothbrush	0.680	2.680
YAKjcrEsYykE_340.000_350.000.wav	Speech	0.000	1.340
YAKjcrEsYykE_340.000_350.000.wav	Speech	8.020	10.020
Y6f1OGWQG9wc_10.000_20.000.wav	Alarm_bell_ringing	0.000	10.020
Y-oGJwGEsIiA_90.000_100.000.wav	Cat	0.000	4.680
YAOijOUuUWwg_100.000_110.000.wav	Electric_shaver_toothbrush	0.000	4.680
YAOijOUuUWwg_100.000_110.000.wav	Speech	4.020	5.360
YAOijOUuUWwg_100.000_110.000.wav	Speech	8.020	9.360
YSC9jczwzY-k_30.000_40.000.wav	Dog	0.680	10.020
Y-vZ-_4oFCzs_17.000_27.000.wav	Cat	0.000	10.020
YdnBRWaI4E38_20.000_30.000.wav	Dog	9.260	9.920
YdnBRWaI4E38_20.000_30.000.wav	Speech	1.340	2.660
YflwHYHyToU0_180.000_190.000.wav	Alarm_bell_ringing	3.340	6.020
YflwHYHyToU0_180.000_190.000.wav	Alarm_bell_ringing	7.360	8.020
YflwHYHyToU0_180.000_190.000.wav	Speech	0.000	2.680
YflwHYHyToU0_180.000_190.000.wav	Speech	5.360	9.360
YQSRjdU4XpGA_10.000_20.000.wav	Vacuum_cleaner	2.020	10.020
YNDtjWqCrP4Y_340.000_350.000.wav	Blender	0.680	4.680
Y3IW7578PicA_210.000_220.000.wav	Dishes	3.340	4.020
Y3IW7578PicA_210.000_220.000.wav	Dishes	6.020	9.360
Y3IW7578PicA_210.000_220.000.wav	Frying	0.000	10.020
Y3IW7578PicA_210.000_220.000.wav	Speech	7.360	9.360
Y6kUtpAr79xU_60.000_70.000.wav	Dog	0.000	2.020
Y6kUtpAr79xU_60.000_70.000.wav	Dog	6.020	10.020
Y6kUtpAr79xU_60.000_70.000.wav	Speech	2.020	2.680
YVRXOgXfC3EU_169.000_179.000.wav	Electric_shaver_toothbrush	0.680	10.020
YVRXOgXfC3EU_169.000_179.000.wav	Speech	0.000	10.020
YsT0c3VFcq7g_30.000_40.000.wav	Cat	0.680	10.020
YsT0c3VFcq7g_30.000_40.000.wav	Speech	0.000	0.680
YsT0c3VFcq7g_30.000_40.000.wav	Speech	3.340	4.020
YsT0c3VFcq7g_30.000_40.000.wav	Speech	6.020	7.360
YyXWFes0S6z0_30.000_40.000.wav	Cat	0.000	8.700
YrW9BQJBvEZQ_430.000_440.000.wav	Alarm_bell_ringing	1.340	3.340
YrW9BQJBvEZQ_430.000_440.000.wav	Dog	0.000	1.340
YrW9BQJBvEZQ_430.000_440.000.wav	Speech	3.340	10.020
YJlc4DETobHE_50.000_60.000.wav	Running_water	0.000	6.020
YJlc4DETobHE_50.000_60.000.wav	Speech	6.680	8.020
YJlc4DETobHE_50.000_60.000.wav	Speech	8.700	9.360
Y-hJ1YTZ5AGI_30.000_40.000.wav	Speech	0.000	3.340
Y-hJ1YTZ5AGI_30.000_40.000.wav	Speech	4.020	8.700
YzY_7jujh3t4_300.000_310.000.wav	Frying	0.000	10.020
YzY_7jujh3t4_300.000_310.000.wav	Speech	1.340	6.020
Yb4YHnRrkOTQ_470.000_480.000.wav	Dishes	5.360	10.020
Y8vasA2D2_Kc_30.000_40.000.wav	Dog	0.000	9.360
Y8vasA2D2_Kc_30.000_40.000.wav	Speech	9.360	10.020
Yk4ExqQTNklk_210.000_220.000.wav	Running_water	2.020	10.020
YoWNUJ268q0Y_43.000_53.000.wav	Dog	5.360	6.020
YoWNUJ268q0Y_43.000_53.000.wav	Speech	0.000	1.340
YoWNUJ268q0Y_43.000_53.000.wav	Speech	7.360	8.700
YoWNUJ268q0Y_43.000_53.000.wav	Speech	9.360	10.020
YPX9kGT0E7B0_30.000_40.000.wav	Alarm_bell_ringing	0.000	0.680
YPX9kGT0E7B0_30.000_40.000.wav	Dog	0.680	1.360
YPX9kGT0E7B0_30.000_40.000.wav	Dog	3.400	9.480
YPX9kGT0E7B0_30.000_40.000.wav	Speech	1.360	3.400
YCmC62Eg82E8_7.000_17.000.wav	Vacuum_cleaner	0.000	9.260
Y63Qy15I3QGE_30.000_40.000.wav	Cat	0.000	8.020
Y04ISXje8c_g_11.000_21.000.wav	Speech	0.000	2.000
Y04ISXje8c_g_11.000_21.000.wav	Speech	2.660	9.260
Y7-COxzRtOEU_30.000_40.000.wav	Running_water	4.020	10.020
YUbyMM3iddJA_0.000_10.000.wav	Dishes	8.180	9.540
YUbyMM3iddJA_0.000_10.000.wav	Speech	0.000	1.380
YUbyMM3iddJA_0.000_10.000.wav	Speech	4.100	5.460
Y4qaJW0mvsoY_30.000_40.000.wav	Alarm_bell_ringing	0.680	8.020
Y4qaJW0mvsoY_30.000_40.000.wav	Speech	0.000	1.340
Y4qaJW0mvsoY_30.000_40.000.wav	Speech	4.020	5.360
Y4qaJW0mvsoY_30.000_40.000.wav	Speech	7.360	8.700
Y4qaJW0mvsoY_30.000_40.000.wav	Speech	9.360	10.020
YQejVyYvjrrs_10.000_20.000.wav	Alarm_bell_ringing	2.020	2.680
YQejVyYvjrrs_10.000_20.000.wav	Speech	2.680	5.360
YQejVyYvjrrs_10.000_20.000.wav	Speech	7.360	8.020
YQejVyYvjrrs_10.000_20.000.wav	Speech	8.700	10.020
Y7X4MOknsB80_0.000_10.000.wav	Vacuum_cleaner	3.340	10.020
YmzcLIsIS050_490.000_500.000.wav	Frying	0.000	2.020
YmzcLIsIS050_490.000_500.000.wav	Frying	2.680	10.020
YmzcLIsIS050_490.000_500.000.wav	Speech	0.000	0.680
YmzcLIsIS050_490.000_500.000.wav	Speech	2.020	10.020
YFLFlLKV_oek_130.000_140.000.wav	Dishes	8.020	10.020
YFLFlLKV_oek_130.000_140.000.wav	Running_water	0.000	10.020
Y-kWlE2dkoxc_170.000_180.000.wav	Vacuum_cleaner	0.000	10.020
YP-QOd_28o9c_30.000_40.000.wav	Alarm_bell_ringing	0.000	1.340
YP-QOd_28o9c_30.000_40.000.wav	Alarm_bell_ringing	6.020	8.700
YP-QOd_28o9c_30.000_40.000.wav	Speech	0.680	6.680
YP-QOd_28o9c_30.000_40.000.wav	Speech	8.020	10.020
YsUgI8M_Ln2g_320.000_330.000.wav	Running_water	0.000	10.020
YU0eCWcPP798_0.000_8.000.wav	Alarm_bell_ringing	0.000	7.220
Y8ws1ligErwo_0.000_10.000.wav	Speech	3.340	4.680
Y8ws1ligErwo_0.000_10.000.wav	Speech	9.360	10.020
Y-36qTeAdDMI_130.000_140.000.wav	Alarm_bell_ringing	1.340	2.020
Y-36qTeAdDMI_130.000_140.000.wav	Blender	6.680	7.360
Y-36qTeAdDMI_130.000_140.000.wav	Speech	0.000	0.680
Y-36qTeAdDMI_130.000_140.000.wav	Speech	2.020	3.340
Ylf_LWKZfNQI_300.000_310.000.wav	Blender	5.360	6.680
Ylf_LWKZfNQI_300.000_310.000.wav	Blender	7.360	10.020
YJ46ePPdaEZk_10.000_20.000.wav	Speech	0.000	3.340
YJ46ePPdaEZk_10.000_20.000.wav	Speech	7.360	8.020
YJ46ePPdaEZk_10.000_20.000.wav	Speech	9.360	10.020
YWOOmuXh_lXA_290.000_300.000.wav	Frying	0.000	10.020
YWOOmuXh_lXA_290.000_300.000.wav	Speech	0.000	1.340
YWOOmuXh_lXA_290.000_300.000.wav	Speech	2.680	6.020
YWOOmuXh_lXA_290.000_300.000.wav	Speech	6.680	8.700
Ye4ZVQ74R5s4_30.000_40.000.wav	Frying	3.340	10.020
Ye4ZVQ74R5s4_30.000_40.000.wav	Speech	0.000	2.020
Ye4ZVQ74R5s4_30.000_40.000.wav	Speech	4.020	10.020
YE6QQRZHrx6s_30.000_40.000.wav	Dog	0.000	10.020
Y-jaY3LS3Dv0_30.000_40.000.wav	Speech	0.000	0.680
Y-jaY3LS3Dv0_30.000_40.000.wav	Speech	2.680	3.340
Y-jaY3LS3Dv0_30.000_40.000.wav	Speech	7.360	10.020
Y8KCzQ2KaSyE_520.000_530.000.wav	Blender	0.000	7.360
Y5rSpIXAOjgk_50.000_60.000.wav	Dog	0.680	4.680
Y5rSpIXAOjgk_50.000_60.000.wav	Speech	6.020	8.020
Y9q8N_KgH8SI_250.000_260.000.wav	Dishes	2.680	10.020
Y9q8N_KgH8SI_250.000_260.000.wav	Frying	8.700	10.020
Y9q8N_KgH8SI_250.000_260.000.wav	Speech	0.680	2.680
Y9q8N_KgH8SI_250.000_260.000.wav	Speech	4.680	10.020
Y5siTUcPFy74_210.000_220.000.wav	Frying	0.680	10.020
Y5siTUcPFy74_210.000_220.000.wav	Speech	2.020	2.680
YX-eWpQTv0Yc_210.000_220.000.wav	Dishes	7.360	10.020
YX-eWpQTv0Yc_210.000_220.000.wav	Frying	4.020	4.680
YX-eWpQTv0Yc_210.000_220.000.wav	Frying	7.360	10.020
YX-eWpQTv0Yc_210.000_220.000.wav	Speech	0.680	4.680
YX-eWpQTv0Yc_210.000_220.000.wav	Speech	5.360	10.020
YH7B8mdI38Eg_240.000_250.000.wav	Dishes	2.020	10.020
Y86e-ONda0GU_170.000_180.000.wav	Dog	0.000	9.360
Y86e-ONda0GU_170.000_180.000.wav	Speech	8.700	10.020
YUWizNEHrzCY_17.000_27.000.wav	Dog	0.000	9.620
YAJVSqnsBf70_80.000_90.000.wav	Dog	9.360	10.020
YAJVSqnsBf70_80.000_90.000.wav	Dishes	5.360	6.020
YAJVSqnsBf70_80.000_90.000.wav	Dishes	7.360	8.700
YAJVSqnsBf70_80.000_90.000.wav	Dishes	9.360	10.020
Y2tXE7snh6Ak_30.000_40.000.wav	Speech	0.000	2.680
Y2tXE7snh6Ak_30.000_40.000.wav	Speech	4.020	10.020
YNcdv7wCGgYE_30.000_40.000.wav	Electric_shaver_toothbrush	0.000	0.680
YNcdv7wCGgYE_30.000_40.000.wav	Frying	2.680	3.340
YNcdv7wCGgYE_30.000_40.000.wav	Frying	6.680	10.020
YN6e5C5sXdBI_0.000_10.000.wav	Dog	0.000	10.020
YxwQh1sOc1YE_10.000_20.000.wav	Running_water	0.000	10.020
YyU50qUMbobE_180.000_190.000.wav	Speech	0.000	2.680
YyU50qUMbobE_180.000_190.000.wav	Vacuum_cleaner	4.020	10.020
Y_WQV7YjYrX0_470.000_480.000.wav	Electric_shaver_toothbrush	0.000	9.360
Y_WQV7YjYrX0_470.000_480.000.wav	Speech	8.700	9.360
YOA6RBTfBP-M_0.000_10.000.wav	Dog	0.000	10.020
Y5b_wMMwPlbY_110.000_120.000.wav	Dishes	8.020	10.020
Y5b_wMMwPlbY_110.000_120.000.wav	Speech	0.680	2.020
Y5b_wMMwPlbY_110.000_120.000.wav	Speech	2.680	5.360
YWvRyg95cUIQ_150.000_160.000.wav	Electric_shaver_toothbrush	0.000	8.020
YWvRyg95cUIQ_150.000_160.000.wav	Electric_shaver_toothbrush	8.700	9.360
YWvRyg95cUIQ_150.000_160.000.wav	Speech	8.700	10.020
YPTUxCvCz8Bc_170.000_180.000.wav	Dishes	8.020	10.020
YPTUxCvCz8Bc_170.000_180.000.wav	Frying	0.000	10.020
YPTUxCvCz8Bc_170.000_180.000.wav	Speech	0.000	5.360
YPTUxCvCz8Bc_170.000_180.000.wav	Speech	6.020	8.700
YOHT925Zi2bE_110.000_120.000.wav	Blender	0.000	10.020
Y3AzacBprTzU_60.000_70.000.wav	Dog	0.000	10.020
YsAGJCkak8V0_60.000_70.000.wav	Dishes	3.340	10.020
Y7qempAwNceA_150.000_160.000.wav	Speech	8.020	8.700
YUteKBWdkIIQ_330.000_340.000.wav	Blender	0.000	2.680
YUteKBWdkIIQ_330.000_340.000.wav	Speech	3.340	7.360
YLKCyqioKymc_30.000_40.000.wav	Alarm_bell_ringing	6.020	8.700
Yd_k3fsJrW4U_210.000_220.000.wav	Electric_shaver_toothbrush	0.000	10.020
Yd_k3fsJrW4U_210.000_220.000.wav	Speech	0.680	1.340
Yd_k3fsJrW4U_210.000_220.000.wav	Speech	3.340	4.020
Yd_k3fsJrW4U_210.000_220.000.wav	Speech	4.680	8.020
Yd_k3fsJrW4U_210.000_220.000.wav	Speech	8.700	10.020
Yv-J-jzNonoY_40.000_50.000.wav	Cat	0.000	8.020
YCQGQV-JxPoI_30.000_40.000.wav	Cat	0.680	7.360
YCQGQV-JxPoI_30.000_40.000.wav	Cat	8.020	10.020
YCQGQV-JxPoI_30.000_40.000.wav	Speech	6.020	6.680
YOuxjt5e8x-o_50.000_60.000.wav	Speech	0.000	1.340
YOuxjt5e8x-o_50.000_60.000.wav	Speech	4.020	4.680
YOuxjt5e8x-o_50.000_60.000.wav	Speech	5.360	6.020
YOuxjt5e8x-o_50.000_60.000.wav	Speech	9.360	10.020
YwK3BpK1-Apw_30.000_40.000.wav	Cat	6.680	10.020
YwK3BpK1-Apw_30.000_40.000.wav	Speech	2.680	4.020
YwK3BpK1-Apw_30.000_40.000.wav	Speech	5.360	6.680
Yt-CiLzdNecs_1.000_11.000.wav	Alarm_bell_ringing	0.000	9.240
YLMBKhB8SuAg_0.000_10.000.wav	Alarm_bell_ringing	0.680	4.680
YLMBKhB8SuAg_0.000_10.000.wav	Speech	9.360	10.020
Y0s6Vt4i3iiQ_40.000_50.000.wav	Speech	0.000	1.340
Y0s6Vt4i3iiQ_40.000_50.000.wav	Speech	2.020	6.020
Y0s6Vt4i3iiQ_40.000_50.000.wav	Speech	9.360	10.020
YRDnrb0xSkrs_70.000_80.000.wav	Speech	7.360	10.020
YEhmWEYp0vno_190.000_200.000.wav	Dishes	2.680	10.020
YLHY9L1MjQvQ_30.000_40.000.wav	Dog	8.700	9.360
YLHY9L1MjQvQ_30.000_40.000.wav	Speech	0.000	6.680
Y0QTme5iyg4A_160.000_170.000.wav	Speech	0.680	4.020
Y0QTme5iyg4A_160.000_170.000.wav	Speech	5.360	7.360
Y0QTme5iyg4A_160.000_170.000.wav	Speech	8.700	10.020
Y2nQzeKH07LQ_40.000_50.000.wav	Dog	0.000	10.020
Y2nQzeKH07LQ_40.000_50.000.wav	Speech	8.700	9.360
YsnOVG0lAgkQ_470.000_480.000.wav	Dishes	9.360	10.020
Yf_uADyhDDpE_40.000_50.000.wav	Speech	0.000	4.020
Yf_uADyhDDpE_40.000_50.000.wav	Speech	5.360	10.020
Yiwlg338ja-k_360.000_370.000.wav	Dog	2.020	10.020
Yiwlg338ja-k_360.000_370.000.wav	Speech	0.000	0.680
Yiwlg338ja-k_360.000_370.000.wav	Speech	1.340	2.020
Y097K1uMIPyQ_30.000_40.000.wav	Alarm_bell_ringing	2.680	4.020
Y097K1uMIPyQ_30.000_40.000.wav	Dog	5.360	10.020
Y097K1uMIPyQ_30.000_40.000.wav	Speech	0.000	2.020
Y097K1uMIPyQ_30.000_40.000.wav	Speech	3.340	4.020
Y097K1uMIPyQ_30.000_40.000.wav	Speech	4.680	8.020
YL3ZtE3rD2nc_50.000_60.000.wav	Electric_shaver_toothbrush	0.000	2.020
Y-jDJ7EqnT2s_170.000_180.000.wav	Running_water	0.000	1.340
Y-jDJ7EqnT2s_170.000_180.000.wav	Running_water	8.700	10.020
Y-jDJ7EqnT2s_170.000_180.000.wav	Speech	2.020	2.680
Y-jDJ7EqnT2s_170.000_180.000.wav	Speech	3.340	5.360
Y-jDJ7EqnT2s_170.000_180.000.wav	Speech	7.360	8.700
YMUJmWnjGEBk_0.000_10.000.wav	Dog	0.000	3.340
YMUJmWnjGEBk_0.000_10.000.wav	Speech	4.020	10.020
YuUcUU6NpDUw_30.000_40.000.wav	Frying	0.000	1.340
YuUcUU6NpDUw_30.000_40.000.wav	Frying	8.700	9.360
YuUcUU6NpDUw_30.000_40.000.wav	Speech	0.000	0.680
YuUcUU6NpDUw_30.000_40.000.wav	Speech	2.680	4.020
YuUcUU6NpDUw_30.000_40.000.wav	Speech	5.360	8.700
Y04ChQ0fqzxQ_120.000_130.000.wav	Frying	9.360	10.020
Y04ChQ0fqzxQ_120.000_130.000.wav	Speech	0.000	7.360
Y04ChQ0fqzxQ_120.000_130.000.wav	Speech	8.020	9.360
Yb5CyS0QqX3o_70.000_80.000.wav	Alarm_bell_ringing	0.000	2.020
Yb5CyS0QqX3o_70.000_80.000.wav	Speech	2.020	10.020
YCjp2PlXGbf0_30.000_40.000.wav	Electric_shaver_toothbrush	0.000	10.020
YuQf7nY1wTdI_180.000_190.000.wav	Electric_shaver_toothbrush	0.000	8.020
YuQf7nY1wTdI_180.000_190.000.wav	Speech	0.680	2.680
YuQf7nY1wTdI_180.000_190.000.wav	Speech	6.680	8.020
YuQf7nY1wTdI_180.000_190.000.wav	Speech	8.700	10.020
Y-TxhuS0jsI4_70.000_80.000.wav	Dog	0.000	10.020
YOCIQYk1eMHU_120.000_130.000.wav	Alarm_bell_ringing	0.000	6.020
YJ_AaZl54Bro_10.000_20.000.wav	Vacuum_cleaner	0.000	10.020
YXO1wG3ne_Cw_30.000_40.000.wav	Dog	5.360	10.020
Yl2RKDnvKjPc_150.000_160.000.wav	Frying	0.680	10.020
Yl2RKDnvKjPc_150.000_160.000.wav	Speech	0.000	2.680
Y27jlpi7rq28_280.000_290.000.wav	Dishes	2.020	10.020
Y27jlpi7rq28_280.000_290.000.wav	Frying	0.000	10.020
Y27jlpi7rq28_280.000_290.000.wav	Speech	0.000	0.680
Y27jlpi7rq28_280.000_290.000.wav	Speech	3.340	8.020
Y27jlpi7rq28_280.000_290.000.wav	Speech	9.360	10.020
Y5UUgV7-Bg3c_30.000_40.000.wav	Dog	6.680	7.360
Y5UUgV7-Bg3c_30.000_40.000.wav	Speech	4.020	5.360
Y5UUgV7-Bg3c_30.000_40.000.wav	Speech	7.360	8.020
Y5UUgV7-Bg3c_30.000_40.000.wav	Speech	9.360	10.020
Y2y7aiiaJPf8_240.000_250.000.wav	Dog	0.680	10.020
YSSJlSadbMoE_30.000_40.000.wav	Alarm_bell_ringing	0.000	10.020
YdulZ4FPi7gg_170.000_180.000.wav	Running_water	0.000	3.340
YdulZ4FPi7gg_170.000_180.000.wav	Speech	6.680	7.360
YdulZ4FPi7gg_170.000_180.000.wav	Speech	8.020	10.020
YFR9qGkCa78M_140.000_150.000.wav	Dishes	0.680	10.020
YFR9qGkCa78M_140.000_150.000.wav	Speech	4.020	5.360
YBLlnu2Tyqu0_30.000_40.000.wav	Cat	5.360	6.020
YBLlnu2Tyqu0_30.000_40.000.wav	Cat	7.360	9.360
YBLlnu2Tyqu0_30.000_40.000.wav	Running_water	0.000	5.360
YBLlnu2Tyqu0_30.000_40.000.wav	Running_water	6.020	8.700
YlQ2_0IqvH8g_60.000_70.000.wav	Alarm_bell_ringing	3.340	4.680
YlQ2_0IqvH8g_60.000_70.000.wav	Speech	0.680	3.340
YlQ2_0IqvH8g_60.000_70.000.wav	Speech	8.020	10.020
YFHuxuM-iRo4_160.000_170.000.wav	Alarm_bell_ringing	2.680	3.340
YFHuxuM-iRo4_160.000_170.000.wav	Speech	4.680	6.020
YFHuxuM-iRo4_160.000_170.000.wav	Speech	7.360	8.700
YPLT9NHo2XHw_30.000_40.000.wav	Dishes	8.700	10.020
YPLT9NHo2XHw_30.000_40.000.wav	Speech	0.000	8.020
YPLT9NHo2XHw_30.000_40.000.wav	Speech	9.360	10.020
YGrnk9p9P7Qk_17.000_27.000.wav	Running_water	1.980	5.920
YGrnk9p9P7Qk_17.000_27.000.wav	Speech	0.000	1.980
YGrnk9p9P7Qk_17.000_27.000.wav	Speech	5.920	7.240
YGrnk9p9P7Qk_17.000_27.000.wav	Speech	8.560	9.860
YIK9DLm06eLQ_60.000_70.000.wav	Blender	0.680	2.020
YIK9DLm06eLQ_60.000_70.000.wav	Speech	8.020	9.360
Y-1Hub6Ps_cc_10.000_20.000.wav	Frying	1.340	7.360
Y-1Hub6Ps_cc_10.000_20.000.wav	Running_water	8.020	10.020
Y-1Hub6Ps_cc_10.000_20.000.wav	Speech	0.000	2.020
Y-1Hub6Ps_cc_10.000_20.000.wav	Speech	4.020	5.360
YnF0pJOjN0gw_120.000_130.000.wav	Alarm_bell_ringing	0.680	3.340
YnF0pJOjN0gw_120.000_130.000.wav	Speech	5.360	6.020
Y9ppa4lXXspA_30.000_40.000.wav	Dog	0.000	10.020
Y-lJctvybAJ8_30.000_40.000.wav	Alarm_bell_ringing	0.680	1.340
Y-lJctvybAJ8_30.000_40.000.wav	Speech	4.020	5.360
Y-lJctvybAJ8_30.000_40.000.wav	Speech	6.680	10.020
YUxCK01Y16S4_290.000_300.000.wav	Electric_shaver_toothbrush	0.000	0.680
YL28CnhmeAD4_30.000_40.000.wav	Dog	0.000	10.020
Y0MV5mb0RJLY_120.000_130.000.wav	Cat	0.000	10.020
YAyA6zrWfkYY_310.000_320.000.wav	Electric_shaver_toothbrush	0.000	5.360
YAyA6zrWfkYY_310.000_320.000.wav	Speech	6.020	10.020
YBQPk4cmN__4_30.000_40.000.wav	Dog	0.000	10.020
Y5-SzNKBcPWs_30.000_40.000.wav	Speech	8.020	9.360
Y-zCtwbk005g_30.000_40.000.wav	Cat	0.000	10.020
YUrluLxHLwQM_110.000_120.000.wav	Speech	0.000	2.680
YUrluLxHLwQM_110.000_120.000.wav	Speech	3.340	10.020
YQsWJOPduGT8_140.000_150.000.wav	Frying	6.020	10.020
YQsWJOPduGT8_140.000_150.000.wav	Speech	5.360	8.700
YOnJaLTDVxjQ_240.000_250.000.wav	Blender	6.020	6.680
YOnJaLTDVxjQ_240.000_250.000.wav	Speech	0.000	1.340
YOnJaLTDVxjQ_240.000_250.000.wav	Speech	2.680	6.020
YOnJaLTDVxjQ_240.000_250.000.wav	Speech	6.680	9.360
YMFAttF_l0LY_30.000_40.000.wav	Electric_shaver_toothbrush	0.000	10.020
Y-Irh7_N5Kjs_2.000_12.000.wav	Blender	0.000	5.360
Y-Irh7_N5Kjs_2.000_12.000.wav	Dog	6.040	7.380
Y-Irh7_N5Kjs_2.000_12.000.wav	Speech	5.360	6.700
Yt8V4ko2DCfc_22.000_32.000.wav	Alarm_bell_ringing	2.680	5.360
Yt8V4ko2DCfc_22.000_32.000.wav	Speech	0.000	1.340
Yt8V4ko2DCfc_22.000_32.000.wav	Speech	6.680	10.020
Y49efBAywR9Y_150.000_160.000.wav	Alarm_bell_ringing	5.360	6.020
Y49efBAywR9Y_150.000_160.000.wav	Dog	2.020	3.340
Y49efBAywR9Y_150.000_160.000.wav	Dog	4.680	10.020
Y49efBAywR9Y_150.000_160.000.wav	Speech	0.000	2.020
Y49efBAywR9Y_150.000_160.000.wav	Speech	2.680	5.360
Y49efBAywR9Y_150.000_160.000.wav	Speech	6.020	6.680
YI1GC1yWdM_c_30.000_40.000.wav	Cat	3.340	10.020
YI1GC1yWdM_c_30.000_40.000.wav	Speech	1.340	2.020
YuE22T4Mlv0I_270.000_280.000.wav	Running_water	0.680	2.020
YuE22T4Mlv0I_270.000_280.000.wav	Running_water	5.360	6.020
YuE22T4Mlv0I_270.000_280.000.wav	Running_water	9.360	10.020
YWNc2RfxdSm8_420.000_430.000.wav	Dishes	8.700	10.020
YWNc2RfxdSm8_420.000_430.000.wav	Running_water	4.020	4.680
Y6U_1_DAL7mY_3.000_13.000.wav	Dishes	5.760	9.600
YDpSMRYBjwdk_18.000_28.000.wav	Alarm_bell_ringing	0.000	7.500
YDpSMRYBjwdk_18.000_28.000.wav	Alarm_bell_ringing	8.180	9.540
Y-z4OZ7ls5Bo_540.000_550.000.wav	Speech	0.000	1.340
YUQ_ikxReo4Y_20.000_30.000.wav	Frying	1.340	4.680
YUQ_ikxReo4Y_20.000_30.000.wav	Frying	5.360	10.020
YUQ_ikxReo4Y_20.000_30.000.wav	Speech	0.000	2.020
YUQ_ikxReo4Y_20.000_30.000.wav	Speech	2.680	4.020
YUQ_ikxReo4Y_20.000_30.000.wav	Speech	4.680	10.020
YOpsC1fCg4IU_170.000_180.000.wav	Electric_shaver_toothbrush	0.000	10.020
Y5Y-1he25j9E_10.000_20.000.wav	Running_water	2.020	2.680
Y5Y-1he25j9E_10.000_20.000.wav	Running_water	3.340	4.020
YdxoIUrTn_K8_10.000_20.000.wav	Alarm_bell_ringing	0.000	5.360
YdxoIUrTn_K8_10.000_20.000.wav	Speech	6.020	10.020
Y8xoenlVVBZw_30.000_40.000.wav	Cat	0.000	10.020
YzE6BVRSQNZU_50.000_60.000.wav	Running_water	4.020	5.360
YIPIS6TUVpSM_30.000_40.000.wav	Blender	0.000	10.020
YIPIS6TUVpSM_30.000_40.000.wav	Speech	9.360	10.020
Y3LtXT2KVI-c_30.000_40.000.wav	Cat	0.000	10.020
Y5ccSyFBJWgQ_200.000_210.000.wav	Dishes	6.020	6.680
Y5ccSyFBJWgQ_200.000_210.000.wav	Dishes	7.360	9.360
Y5ccSyFBJWgQ_200.000_210.000.wav	Frying	2.680	10.020
Y5ccSyFBJWgQ_200.000_210.000.wav	Speech	0.000	2.020
Y5ccSyFBJWgQ_200.000_210.000.wav	Speech	6.680	10.020
Y2jKheXvnT6o_30.000_40.000.wav	Cat	2.020	2.680
Y2jKheXvnT6o_30.000_40.000.wav	Speech	3.340	4.680
Ynq4cdrT7zvs_30.000_40.000.wav	Alarm_bell_ringing	0.680	4.020
Ynq4cdrT7zvs_30.000_40.000.wav	Speech	0.000	0.680
Ynq4cdrT7zvs_30.000_40.000.wav	Speech	4.020	10.020
YN_NCQdSQ0eA_220.000_230.000.wav	Blender	0.680	1.340
YN_NCQdSQ0eA_220.000_230.000.wav	Running_water	0.680	2.680
YN_NCQdSQ0eA_220.000_230.000.wav	Speech	3.340	9.360
Y-lK7eYXq2ZQ_30.000_40.000.wav	Speech	0.000	10.020
YYmW1NLRYTRA_270.000_280.000.wav	Blender	9.360	10.020
YYmW1NLRYTRA_270.000_280.000.wav	Speech	0.680	8.020
YIEC8cLcZ6IE_170.000_180.000.wav	Electric_shaver_toothbrush	0.000	10.020
YIEC8cLcZ6IE_170.000_180.000.wav	Speech	0.680	8.700
YIEC8cLcZ6IE_170.000_180.000.wav	Speech	9.360	10.020
Y03zeVlBWhdY_30.000_40.000.wav	Dog	0.000	10.020
YOni8cJ3oNic_0.000_10.000.wav	Alarm_bell_ringing	6.680	8.700
YO_1Cqphz0oQ_30.000_40.000.wav	Alarm_bell_ringing	0.000	10.020
YqMDpBAs38EA_10.000_20.000.wav	Running_water	4.680	10.020
YC-XuGN8nmBM_30.000_40.000.wav	Alarm_bell_ringing	0.000	4.020
YC-XuGN8nmBM_30.000_40.000.wav	Alarm_bell_ringing	7.360	10.020
YC-XuGN8nmBM_30.000_40.000.wav	Speech	4.680	5.360
YC-XuGN8nmBM_30.000_40.000.wav	Speech	6.020	7.360
Y0OFlTh2_Obo_30.000_40.000.wav	Dog	0.000	10.020
Y0OFlTh2_Obo_30.000_40.000.wav	Speech	0.000	0.680
YLnhLeWWaxxc_450.000_460.000.wav	Alarm_bell_ringing	4.680	6.680
YLnhLeWWaxxc_450.000_460.000.wav	Speech	0.680	1.340
YLnhLeWWaxxc_450.000_460.000.wav	Speech	6.680	8.020
YsWxcqTcEWPo_330.000_340.000.wav	Speech	1.340	2.680
YsWxcqTcEWPo_330.000_340.000.wav	Speech	8.020	9.360
YiNpXCzaWW1s_1.000_11.000.wav	Alarm_bell_ringing	2.000	3.320
YRr84-EZvO0U_90.000_100.000.wav	Cat	0.000	8.700
YRr84-EZvO0U_90.000_100.000.wav	Dishes	8.020	10.020
YHyX9bWXA3Bk_40.000_50.000.wav	Cat	3.340	4.020
YHyX9bWXA3Bk_40.000_50.000.wav	Speech	8.700	9.360
YIpqtJmqY4-w_200.000_210.000.wav	Alarm_bell_ringing	6.020	7.360
YIpqtJmqY4-w_200.000_210.000.wav	Dog	0.000	2.680
YIpqtJmqY4-w_200.000_210.000.wav	Dog	4.020	8.700
YIpqtJmqY4-w_200.000_210.000.wav	Dog	9.360	10.020
YIpqtJmqY4-w_200.000_210.000.wav	Speech	2.020	5.360
YIpqtJmqY4-w_200.000_210.000.wav	Speech	8.020	9.360
Y7-htobm4qu0_30.000_40.000.wav	Dog	4.680	6.020
Y7-htobm4qu0_30.000_40.000.wav	Dog	6.680	7.360
Y7-htobm4qu0_30.000_40.000.wav	Dog	8.020	10.020
Y7-htobm4qu0_30.000_40.000.wav	Speech	0.000	4.680
Y7-htobm4qu0_30.000_40.000.wav	Speech	6.020	6.680
Y7-htobm4qu0_30.000_40.000.wav	Speech	7.360	8.020
Y7-htobm4qu0_30.000_40.000.wav	Speech	9.360	10.020
Y-LgxtcD700E_30.000_40.000.wav	Speech	0.000	7.360
Y-LgxtcD700E_30.000_40.000.wav	Speech	8.020	10.020
Yb2JRI-RVw9U_30.000_40.000.wav	Running_water	5.360	9.360
Yb2JRI-RVw9U_30.000_40.000.wav	Speech	2.020	3.340
Y07mCK08xGRc_10.000_20.000.wav	Speech	6.660	9.320
YQhlmKHbPFhU_30.000_40.000.wav	Running_water	6.680	8.020
YQhlmKHbPFhU_30.000_40.000.wav	Speech	3.340	4.680
YN6jWCVO38iA_20.000_30.000.wav	Dishes	0.000	10.020
YN6jWCVO38iA_20.000_30.000.wav	Speech	4.680	10.020
Y-1LQP2wemiQ_30.000_40.000.wav	Speech	0.680	4.680
Y-1LQP2wemiQ_30.000_40.000.wav	Speech	5.360	10.020
YGrOGLM09GPQ_110.000_120.000.wav	Blender	0.000	10.020
YGrOGLM09GPQ_110.000_120.000.wav	Speech	0.000	0.680
YXqbh1sm95w4_240.000_250.000.wav	Electric_shaver_toothbrush	0.000	10.020
YXqbh1sm95w4_240.000_250.000.wav	Speech	2.020	4.020
YwRgusJ3Jil0_30.000_40.000.wav	Dishes	8.700	10.020
YwRgusJ3Jil0_30.000_40.000.wav	Frying	8.020	9.360
YwRgusJ3Jil0_30.000_40.000.wav	Running_water	0.680	1.340
YwRgusJ3Jil0_30.000_40.000.wav	Speech	0.000	0.680
YwRgusJ3Jil0_30.000_40.000.wav	Speech	1.340	8.700
YwRgusJ3Jil0_30.000_40.000.wav	Speech	9.360	10.020
YN4gbP2QU2fk_220.000_230.000.wav	Running_water	2.020	3.340
YN4gbP2QU2fk_220.000_230.000.wav	Running_water	4.020	4.680
YN4gbP2QU2fk_220.000_230.000.wav	Running_water	7.360	9.360
YN4gbP2QU2fk_220.000_230.000.wav	Speech	0.000	1.340
YN4gbP2QU2fk_220.000_230.000.wav	Speech	5.360	6.680
Yk72FzEY2C7w_130.000_140.000.wav	Frying	1.340	8.700
Yk72FzEY2C7w_130.000_140.000.wav	Speech	0.000	2.680
Yk72FzEY2C7w_130.000_140.000.wav	Speech	5.360	6.020
Yk72FzEY2C7w_130.000_140.000.wav	Speech	7.360	8.020
Yk72FzEY2C7w_130.000_140.000.wav	Speech	8.700	10.020
Y-AeiYb4vDK0_340.000_350.000.wav	Dishes	7.360	10.020
Y-AeiYb4vDK0_340.000_350.000.wav	Frying	6.020	9.360
Y-AeiYb4vDK0_340.000_350.000.wav	Speech	4.020	5.360
Yx2UwwIt87F8_270.000_280.000.wav	Dishes	0.000	10.020
Yx2UwwIt87F8_270.000_280.000.wav	Frying	0.000	10.020
Yx2UwwIt87F8_270.000_280.000.wav	Speech	0.680	10.020
YdrKz0IW9_EM_130.000_140.000.wav	Blender	5.360	8.700
YdrKz0IW9_EM_130.000_140.000.wav	Running_water	5.360	10.020
YdrKz0IW9_EM_130.000_140.000.wav	Speech	4.020	5.360
Y9q3P6N22V9M_40.000_50.000.wav	Dishes	9.360	10.020
Y9q3P6N22V9M_40.000_50.000.wav	Speech	0.000	2.680
Y9q3P6N22V9M_40.000_50.000.wav	Speech	4.680	10.020
YExPMwoIHO8M_10.000_20.000.wav	Alarm_bell_ringing	4.680	7.360
YExPMwoIHO8M_10.000_20.000.wav	Speech	0.000	0.680
YExPMwoIHO8M_10.000_20.000.wav	Speech	7.360	10.020
YRfTFFgqX58A_100.000_110.000.wav	Running_water	4.680	10.020
YEecU1KGJIt4_20.000_30.000.wav	Dog	0.000	10.020
YIsKPMBn6irE_12.000_22.000.wav	Dog	0.000	9.200
Y-geVmY-Zo3E_30.000_40.000.wav	Cat	0.000	10.020
Y4Aj7Skyn1fs_260.000_270.000.wav	Blender	1.340	9.360
YCWhcGT6pno4_120.000_130.000.wav	Blender	4.020	7.360
YCWhcGT6pno4_120.000_130.000.wav	Speech	0.000	4.020
YCWhcGT6pno4_120.000_130.000.wav	Speech	8.020	10.020
Y-hss7xpzIVc_30.000_40.000.wav	Electric_shaver_toothbrush	4.020	8.020
Y-hss7xpzIVc_30.000_40.000.wav	Speech	0.000	2.680
Y-hss7xpzIVc_30.000_40.000.wav	Speech	3.340	10.020
YKyMT2DRBqTo_40.000_50.000.wav	Dishes	7.360	10.020
YKyMT2DRBqTo_40.000_50.000.wav	Frying	8.700	10.020
YKyMT2DRBqTo_40.000_50.000.wav	Speech	0.000	6.680
YKyMT2DRBqTo_40.000_50.000.wav	Speech	7.360	8.020
YKyMT2DRBqTo_40.000_50.000.wav	Speech	8.700	10.020
Y2bYyywE97aA_30.000_40.000.wav	Blender	3.340	8.700
Y2bYyywE97aA_30.000_40.000.wav	Dog	0.000	1.340
Yq1gZT6aiY_o_30.000_40.000.wav	Alarm_bell_ringing	0.000	10.020
Y7qAvg5uQN9I_200.000_210.000.wav	Blender	0.000	9.360
YhEm2oWVXj3g_70.000_80.000.wav	Blender	4.020	10.020
YhEm2oWVXj3g_70.000_80.000.wav	Speech	0.000	2.680
Y8ewn7JCJbEM_30.000_40.000.wav	Cat	0.000	6.020
Y8ewn7JCJbEM_30.000_40.000.wav	Speech	7.360	8.020
Y8ewn7JCJbEM_30.000_40.000.wav	Speech	9.360	10.020
Y-Sd-j0rKeKw_30.000_40.000.wav	Dog	1.340	2.680
Y-Sd-j0rKeKw_30.000_40.000.wav	Speech	0.000	1.340
Y-Sd-j0rKeKw_30.000_40.000.wav	Speech	2.680	4.680
Y-Sd-j0rKeKw_30.000_40.000.wav	Speech	6.020	6.680
Y-Sd-j0rKeKw_30.000_40.000.wav	Speech	8.020	8.700
YLQdCy79W9Vw_20.000_30.000.wav	Dishes	8.700	9.360
YLQdCy79W9Vw_20.000_30.000.wav	Frying	0.680	10.020
YLQdCy79W9Vw_20.000_30.000.wav	Speech	0.000	0.680
YLQdCy79W9Vw_20.000_30.000.wav	Speech	2.020	7.360
YZRQ3vw3wNQ0_10.000_20.000.wav	Speech	0.000	0.680
YZRQ3vw3wNQ0_10.000_20.000.wav	Vacuum_cleaner	2.680	8.700
YjH6-RU2or84_40.000_50.000.wav	Running_water	0.000	8.700
YSyH7GZwBaOw_330.000_340.000.wav	Blender	9.360	10.020
YQtpn66PvyUA_3.000_13.000.wav	Alarm_bell_ringing	0.000	9.040
Y1jgxLsJ7XkM_90.000_100.000.wav	Dog	0.000	8.700
Y-21_SXelVNo_30.000_40.000.wav	Dishes	6.020	10.020
Y-21_SXelVNo_30.000_40.000.wav	Speech	0.000	1.340
Y-21_SXelVNo_30.000_40.000.wav	Speech	2.020	3.340
YTY4tkJAQ1Qg_20.000_30.000.wav	Dog	0.000	8.440
Ys2rKr07YOiM_110.000_120.000.wav	Dishes	6.020	10.020
Ys2rKr07YOiM_110.000_120.000.wav	Speech	2.020	2.680
YI_YpojoZeAI_350.000_360.000.wav	Blender	0.000	10.020
Y-a0drwQsrso_310.000_320.000.wav	Blender	0.000	9.360
Y-a0drwQsrso_310.000_320.000.wav	Speech	2.020	3.340
Y-UoPcgmbIkk_30.000_40.000.wav	Frying	9.360	10.020
Y-UoPcgmbIkk_30.000_40.000.wav	Speech	0.000	10.020
YTM23x21Qs2Q_30.000_40.000.wav	Dog	0.000	10.020
YT21ElXBt27A_10.000_20.000.wav	Running_water	0.000	4.680
YT21ElXBt27A_10.000_20.000.wav	Running_water	6.020	6.680
YT21ElXBt27A_10.000_20.000.wav	Running_water	8.020	10.020
YLyIhmCTPLUc_30.000_40.000.wav	Cat	0.000	10.020
YXJsXMIlnWJo_20.000_30.000.wav	Alarm_bell_ringing	1.340	2.680
YXJsXMIlnWJo_20.000_30.000.wav	Alarm_bell_ringing	8.020	10.020
YXJsXMIlnWJo_20.000_30.000.wav	Speech	0.000	2.020
YXJsXMIlnWJo_20.000_30.000.wav	Speech	4.020	4.680
YXJsXMIlnWJo_20.000_30.000.wav	Speech	6.020	7.360
Yy4E6tNhxeFo_12.000_22.000.wav	Alarm_bell_ringing	0.000	8.660
Y0Mba3BS1oRM_30.000_40.000.wav	Dishes	8.020	10.020
Y0Mba3BS1oRM_30.000_40.000.wav	Frying	5.360	10.020
Y0Mba3BS1oRM_30.000_40.000.wav	Speech	0.000	0.680
Y0Mba3BS1oRM_30.000_40.000.wav	Speech	1.340	3.340
Y0Mba3BS1oRM_30.000_40.000.wav	Speech	4.680	7.360
Y0Mba3BS1oRM_30.000_40.000.wav	Speech	8.020	8.700
Y0Mba3BS1oRM_30.000_40.000.wav	Speech	9.360	10.020
YNJObNgIHwUw_0.000_10.000.wav	Alarm_bell_ringing	0.000	1.340
YNJObNgIHwUw_0.000_10.000.wav	Speech	1.340	4.680
YNJObNgIHwUw_0.000_10.000.wav	Speech	8.700	10.020
Yj4QXK7I4kfk_30.000_40.000.wav	Alarm_bell_ringing	3.340	4.020
YHhP9eZ8cNIY_0.000_10.000.wav	Alarm_bell_ringing	0.000	8.020
YHhP9eZ8cNIY_0.000_10.000.wav	Speech	7.360	8.020
YHhP9eZ8cNIY_0.000_10.000.wav	Speech	8.700	9.360
YWQ3nvU44-3E_380.000_390.000.wav	Alarm_bell_ringing	8.700	10.020
YWQ3nvU44-3E_380.000_390.000.wav	Speech	0.000	0.680
YWQ3nvU44-3E_380.000_390.000.wav	Speech	1.340	7.360
YWQ3nvU44-3E_380.000_390.000.wav	Speech	9.360	10.020
Y9OqtuFGCCR8_30.000_40.000.wav	Alarm_bell_ringing	0.000	10.020
YAsTZm7QtY84_30.000_40.000.wav	Blender	1.340	4.680
YAsTZm7QtY84_30.000_40.000.wav	Blender	5.360	8.020
YAsTZm7QtY84_30.000_40.000.wav	Blender	8.700	9.360
YaE-_vO4AagE_70.000_80.000.wav	Dog	0.000	8.700
YaE-_vO4AagE_70.000_80.000.wav	Speech	8.020	9.360
YD1iGDvdIihk_280.000_290.000.wav	Running_water	3.340	7.360
YD1iGDvdIihk_280.000_290.000.wav	Running_water	9.360	10.020
YD1iGDvdIihk_280.000_290.000.wav	Speech	7.360	9.360
YgsukGIidetE_150.000_160.000.wav	Dishes	7.360	10.020
YgsukGIidetE_150.000_160.000.wav	Frying	0.000	10.020
YgsukGIidetE_150.000_160.000.wav	Speech	0.680	2.680
YgsukGIidetE_150.000_160.000.wav	Speech	4.680	7.360
YfPC2b7tRXfQ_480.000_490.000.wav	Blender	5.360	10.020
YfPC2b7tRXfQ_480.000_490.000.wav	Speech	0.000	4.680
Y-zgGL2o1jqw_80.000_90.000.wav	Running_water	1.340	5.360
Y39rXWSXGOyo_80.000_90.000.wav	Cat	2.680	5.360
Y39rXWSXGOyo_80.000_90.000.wav	Dog	8.700	9.360
Y-DSNfC2EJhU_20.000_30.000.wav	Running_water	1.340	4.680
Y-DSNfC2EJhU_20.000_30.000.wav	Running_water	7.360	10.020
Y_eLVrgvrVBQ_20.000_30.000.wav	Vacuum_cleaner	0.000	10.020
Y8TWtLCjUI5I_0.000_7.000.wav	Dog	0.000	6.960
YRF8fPkV9HNc_10.000_20.000.wav	Cat	0.000	8.020
YRF8fPkV9HNc_10.000_20.000.wav	Speech	4.020	5.360
YRF8fPkV9HNc_10.000_20.000.wav	Speech	8.700	9.360
Y6s7Tv_wqWNE_150.000_160.000.wav	Blender	2.020	6.680
Y6s7Tv_wqWNE_150.000_160.000.wav	Speech	0.000	0.680
Y6s7Tv_wqWNE_150.000_160.000.wav	Speech	6.680	10.020
YKIudjmj3ac4_390.000_400.000.wav	Dishes	8.020	10.020
YKIudjmj3ac4_390.000_400.000.wav	Frying	6.680	8.020
YKIudjmj3ac4_390.000_400.000.wav	Speech	0.000	2.680
YKIudjmj3ac4_390.000_400.000.wav	Speech	5.360	6.680
YKIudjmj3ac4_390.000_400.000.wav	Speech	8.700	10.020
Y4GxRRVp3hD4_18.000_28.000.wav	Speech	1.960	9.080
YDvNGnkY_S6I_50.000_60.000.wav	Dog	9.360	10.020
YWEcspBO2MkA_10.000_20.000.wav	Blender	2.020	5.360
YWEcspBO2MkA_10.000_20.000.wav	Speech	5.360	8.020
YWEcspBO2MkA_10.000_20.000.wav	Speech	8.700	9.360
YASUgGJpwlMs_29.000_39.000.wav	Dog	0.000	5.800
YpID6qxDsK8k_320.000_330.000.wav	Dishes	6.020	10.020
YpID6qxDsK8k_320.000_330.000.wav	Running_water	7.360	10.020
YpID6qxDsK8k_320.000_330.000.wav	Speech	0.000	2.020
YpID6qxDsK8k_320.000_330.000.wav	Speech	2.680	5.360
YJwhuPQxlCpg_30.000_40.000.wav	Speech	2.680	3.340
YJwhuPQxlCpg_30.000_40.000.wav	Speech	4.020	4.680
YJwhuPQxlCpg_30.000_40.000.wav	Speech	7.360	8.020
YhYBE6m0peaM_340.000_350.000.wav	Blender	3.340	10.020
YhYBE6m0peaM_340.000_350.000.wav	Speech	0.000	3.340
YuGbVK-U30dE_30.000_40.000.wav	Alarm_bell_ringing	0.000	10.020
YvpWEuOJQYYs_90.000_100.000.wav	Alarm_bell_ringing	7.360	8.020
YvpWEuOJQYYs_90.000_100.000.wav	Electric_shaver_toothbrush	2.680	5.360
YvpWEuOJQYYs_90.000_100.000.wav	Speech	0.000	4.680
YvpWEuOJQYYs_90.000_100.000.wav	Speech	8.700	10.020
YNyIzowSEuqQ_10.000_20.000.wav	Dishes	4.020	10.020
YClxksvHH8Xs_320.000_330.000.wav	Running_water	0.680	1.340
YClxksvHH8Xs_320.000_330.000.wav	Running_water	3.340	10.020
YEbnAmPYcq1U_0.000_10.000.wav	Electric_shaver_toothbrush	0.000	10.020
YABxbI3HIQbk_30.000_40.000.wav	Running_water	0.000	10.020
Y-XZBpMKRhok_10.000_20.000.wav	Blender	4.020	10.020
Y-XZBpMKRhok_10.000_20.000.wav	Speech	0.000	2.680
YcaI1iADQPVA_130.000_140.000.wav	Running_water	0.000	6.020
YcaI1iADQPVA_130.000_140.000.wav	Speech	6.020	6.680
Y-pDS3yN4B1s_50.000_60.000.wav	Cat	0.680	8.020
Y-pDS3yN4B1s_50.000_60.000.wav	Dog	1.340	2.020
Y-pDS3yN4B1s_50.000_60.000.wav	Dog	8.020	8.700
Y-pDS3yN4B1s_50.000_60.000.wav	Dog	9.360	10.020
Y-pDS3yN4B1s_50.000_60.000.wav	Speech	8.020	8.700
Y-pDS3yN4B1s_50.000_60.000.wav	Speech	9.360	10.020
YVVzipNitrmk_0.000_10.000.wav	Dog	0.000	10.020
YVVzipNitrmk_0.000_10.000.wav	Speech	0.680	1.340
YVVzipNitrmk_0.000_10.000.wav	Speech	4.680	5.360
YVVzipNitrmk_0.000_10.000.wav	Speech	6.680	7.360
Y0-Hzui4Qpl4_40.000_50.000.wav	Running_water	4.680	10.020
Y0-Hzui4Qpl4_40.000_50.000.wav	Speech	0.000	1.340
Y6Bh50bxvod4_70.000_80.000.wav	Running_water	4.020	7.360
Y6Bh50bxvod4_70.000_80.000.wav	Speech	0.680	2.680
Y6Bh50bxvod4_70.000_80.000.wav	Speech	8.020	10.020
Y01SaXyGY5SM_30.000_40.000.wav	Cat	0.000	2.020
Y01SaXyGY5SM_30.000_40.000.wav	Cat	4.020	10.020
Y01SaXyGY5SM_30.000_40.000.wav	Speech	2.020	4.020
YSW0qQMAZKfo_30.000_40.000.wav	Dog	0.000	10.020
YACSkISqebAA_200.000_210.000.wav	Running_water	0.000	4.680
YOPN5i2GyhZM_130.000_140.000.wav	Dishes	1.340	10.020
YOPN5i2GyhZM_130.000_140.000.wav	Frying	0.000	10.020
YOPN5i2GyhZM_130.000_140.000.wav	Speech	0.000	0.680
YOPN5i2GyhZM_130.000_140.000.wav	Speech	2.020	10.020
Y64FYj_KHcC4_50.000_60.000.wav	Alarm_bell_ringing	0.000	4.680
Y64FYj_KHcC4_50.000_60.000.wav	Speech	2.020	2.680
Y64FYj_KHcC4_50.000_60.000.wav	Speech	4.020	5.360
Y64FYj_KHcC4_50.000_60.000.wav	Speech	6.680	10.020
YSktlw1AytXw_0.000_3.000.wav	Alarm_bell_ringing	0.000	2.440
Y446etGsnI_E_30.000_40.000.wav	Cat	0.000	0.680
Y446etGsnI_E_30.000_40.000.wav	Cat	4.680	5.360
Y446etGsnI_E_30.000_40.000.wav	Dog	0.000	10.020
YNF1lwZ24RYI_30.000_40.000.wav	Dog	0.000	10.020
YmXhgTalUktk_540.000_550.000.wav	Dishes	6.680	10.020
YmXhgTalUktk_540.000_550.000.wav	Speech	0.000	3.340
YmXhgTalUktk_540.000_550.000.wav	Speech	4.020	6.020
YmXhgTalUktk_540.000_550.000.wav	Speech	6.680	9.360
Y5lw-BHt_rXY_30.000_40.000.wav	Dog	0.680	2.020
Y5lw-BHt_rXY_30.000_40.000.wav	Speech	1.340	2.680
Y5lw-BHt_rXY_30.000_40.000.wav	Speech	3.340	4.680
Y5lw-BHt_rXY_30.000_40.000.wav	Speech	6.020	7.360
Y5lw-BHt_rXY_30.000_40.000.wav	Speech	9.360	10.020
Y--i-y1v8Hy8_0.000_9.000.wav	Cat	0.000	6.020
Y--i-y1v8Hy8_0.000_9.000.wav	Dog	6.680	7.360
YySP__fCD5AQ_20.000_30.000.wav	Running_water	3.340	10.020
YpaklihxDg6M_340.000_350.000.wav	Electric_shaver_toothbrush	0.000	10.020
YpaklihxDg6M_340.000_350.000.wav	Speech	0.000	3.340
YpaklihxDg6M_340.000_350.000.wav	Speech	7.360	8.700
YOmVI8nT4KvA_150.000_160.000.wav	Electric_shaver_toothbrush	0.000	10.020
Y0oI0BvmTLvA_20.000_30.000.wav	Dog	2.020	9.360
YhFdTLz4HW78_280.000_290.000.wav	Dishes	8.700	10.020
YhFdTLz4HW78_280.000_290.000.wav	Running_water	5.360	6.020
YhFdTLz4HW78_280.000_290.000.wav	Speech	6.020	6.680
YhFdTLz4HW78_280.000_290.000.wav	Speech	8.700	9.360
YbigQH-Nhocc_190.000_200.000.wav	Running_water	0.000	5.360
YbigQH-Nhocc_190.000_200.000.wav	Running_water	6.680	8.700
YbigQH-Nhocc_190.000_200.000.wav	Speech	5.360	6.680
YbigQH-Nhocc_190.000_200.000.wav	Speech	8.700	10.020
Y5tM4bPM6E_w_70.000_80.000.wav	Blender	8.020	8.700
Y5tM4bPM6E_w_70.000_80.000.wav	Running_water	8.700	10.020
Y5tM4bPM6E_w_70.000_80.000.wav	Speech	0.000	2.020
Y5tM4bPM6E_w_70.000_80.000.wav	Speech	4.020	5.360
YWi6ef91IiUg_490.000_500.000.wav	Alarm_bell_ringing	0.000	10.020
YTslB1VMKXmM_10.000_20.000.wav	Running_water	0.000	9.360
Y9TzyRdTYDvo_24.000_34.000.wav	Dog	4.640	5.320
Y9TzyRdTYDvo_24.000_34.000.wav	Speech	2.000	3.320
Y9TzyRdTYDvo_24.000_34.000.wav	Speech	5.320	5.980
YQ0pSP7dO0M8_150.000_160.000.wav	Dishes	9.360	10.020
YQ0pSP7dO0M8_150.000_160.000.wav	Running_water	2.680	10.020
Y-fmmdkXn5YA_210.000_220.000.wav	Dog	0.000	10.020
Y-fmmdkXn5YA_210.000_220.000.wav	Speech	0.000	0.680
YXzRoWpGfCFE_410.000_420.000.wav	Alarm_bell_ringing	0.000	6.020
YXzRoWpGfCFE_410.000_420.000.wav	Speech	8.020	10.020
Yicmx2wzE7KM_210.000_220.000.wav	Dishes	8.700	10.020
Yicmx2wzE7KM_210.000_220.000.wav	Frying	0.000	10.020
Yicmx2wzE7KM_210.000_220.000.wav	Speech	0.000	2.680
Yicmx2wzE7KM_210.000_220.000.wav	Speech	4.680	6.020
Yicmx2wzE7KM_210.000_220.000.wav	Speech	8.020	10.020
YWJV6Ey6hXEw_30.000_40.000.wav	Dog	0.000	10.020
Y0EI7FxbdsUE_410.000_420.000.wav	Frying	0.000	10.020
Y0EI7FxbdsUE_410.000_420.000.wav	Speech	0.000	3.340
Y0EI7FxbdsUE_410.000_420.000.wav	Speech	4.020	4.680
Y0EI7FxbdsUE_410.000_420.000.wav	Speech	6.680	9.360
Y45vy1dbFAdU_90.000_100.000.wav	Blender	4.680	10.020
Y45vy1dbFAdU_90.000_100.000.wav	Speech	1.340	4.020
YhD5x033ZPnk_40.000_50.000.wav	Cat	0.000	10.020
YItfBY9SrWM8_10.000_20.000.wav	Dishes	4.020	10.020
YItfBY9SrWM8_10.000_20.000.wav	Frying	0.000	2.680
YItfBY9SrWM8_10.000_20.000.wav	Speech	8.700	10.020
YP_ZTg9UHBHE_30.000_40.000.wav	Running_water	0.000	9.360
YRA8ck5zeHM0_0.000_10.000.wav	Speech	0.680	10.020
YZhhGkqjCNsM_30.000_40.000.wav	Alarm_bell_ringing	3.340	5.360
YZhhGkqjCNsM_30.000_40.000.wav	Speech	0.680	2.680
YZhhGkqjCNsM_30.000_40.000.wav	Speech	6.680	10.020
YMdpwk2w-GSM_90.000_100.000.wav	Blender	5.360	10.020
YMdpwk2w-GSM_90.000_100.000.wav	Speech	0.680	4.680
Y8ITneSmsrlU_0.000_10.000.wav	Alarm_bell_ringing	0.000	0.680
Y8ITneSmsrlU_0.000_10.000.wav	Speech	1.340	10.020
YVtmm8XY8cko_310.000_320.000.wav	Dishes	8.020	10.020
Y-hA3ZkfDz30_500.000_510.000.wav	Speech	0.000	1.340
Y-hA3ZkfDz30_500.000_510.000.wav	Speech	2.020	2.680
Y-hA3ZkfDz30_500.000_510.000.wav	Speech	3.340	6.680
Y-hA3ZkfDz30_500.000_510.000.wav	Vacuum_cleaner	7.360	10.020
YAGqCcrX619E_60.000_70.000.wav	Speech	0.000	0.680
YAGqCcrX619E_60.000_70.000.wav	Speech	1.340	3.340
YAGqCcrX619E_60.000_70.000.wav	Speech	7.360	8.700
Y0J3wJhQVOII_260.000_270.000.wav	Speech	0.000	8.020
Y0J3wJhQVOII_260.000_270.000.wav	Speech	8.700	10.020
Y0oudYrPGNN8_30.000_40.000.wav	Alarm_bell_ringing	2.680	8.020
Y0oudYrPGNN8_30.000_40.000.wav	Speech	0.680	1.340
Y0oudYrPGNN8_30.000_40.000.wav	Speech	7.360	10.020
Y8kOQiGtnrOw_180.000_190.000.wav	Vacuum_cleaner	0.000	10.020
YBhvCHECgwY0_120.000_130.000.wav	Blender	2.020	6.020
YBhvCHECgwY0_120.000_130.000.wav	Speech	0.000	0.680
YBhvCHECgwY0_120.000_130.000.wav	Speech	4.680	6.020
YBhvCHECgwY0_120.000_130.000.wav	Speech	6.680	10.020
Y0H25ve3qts4_1.000_11.000.wav	Speech	0.000	3.220
Y0H25ve3qts4_1.000_11.000.wav	Speech	5.800	9.000
